loc,ev(g),l,d,i,lOComment,lOBlank,locCodeAndComment
1.1,1.4,1.3,1.3,1.3,2,2,2
1.0,1.0,1.0,1.0,1.0,1,1,1
83.0,1.0,0.04,23.04,40.27,10,6,0
46.0,6.0,0.07,14.86,51.81,2,5,0
25.0,1.0,0.11,9.35,27.25,0,2,0
43.0,1.0,0.09,11.27,50.53,2,4,0
48.0,1.0,0.06,15.43,48.72,2,2,0
69.0,1.0,0.04,27.27,44.45,3,2,0
47.0,1.0,0.06,16.2,45.99,2,1,0
48.0,1.0,0.06,17.82,44.97,2,1,0
58.0,1.0,0.05,20.7,49.62,2,2,0
65.0,1.0,0.05,19.73,40.62,4,5,0
116.0,4.0,0.04,26.6,63.91,14,12,0
24.0,1.0,0.09,11.37,30.6,0,0,0
77.0,12.0,0.03,29.25,42.59,7,7,0
9.0,1.0,0.29,3.5,13.32,0,0,0
16.0,1.0,0.18,5.43,35.32,0,1,0
93.0,3.0,0.03,29.86,50.21,4,15,0
23.0,1.0,0.21,4.74,64.87,0,1,0
30.0,1.0,0.3,3.33,25.75,0,1,0
30.0,1.0,0.03,39.0,2.77,0,0,0
35.0,1.0,0.08,13.0,40.76,0,3,0
25.0,1.0,0.07,13.5,17.26,0,3,0
20.0,7.0,0.1,9.58,25.13,0,1,0
119.0,1.0,0.03,30.72,52.25,26,6,0
35.0,1.0,0.07,14.31,25.32,0,2,0
33.0,1.0,0.07,14.5,23.08,0,1,0
17.0,1.0,0.16,6.4,14.45,0,3,0
44.0,1.0,0.06,16.0,37.74,2,2,0
84.0,9.0,0.04,25.26,53.35,0,10,0
56.0,1.0,0.07,14.09,54.62,3,4,0
58.0,1.0,0.05,21.0,48.4,2,3,0
78.0,1.0,0.06,17.71,67.19,4,6,0
75.0,3.0,0.03,29.1,46.62,5,5,0
12.0,1.0,0.3,3.33,22.83,1,3,0
11.0,1.0,0.3,3.33,22.83,1,2,0
69.0,1.0,0.04,25.0,42.36,7,6,0
39.0,3.0,0.09,11.67,36.86,1,1,0
53.0,1.0,0.1,9.65,60.05,0,0,0
52.0,1.0,0.1,9.82,55.44,0,1,0
30.0,1.0,0.08,12.5,26.4,2,2,0
27.0,1.0,0.14,7.1,55.59,0,3,0
47.0,1.0,0.08,12.05,43.58,0,2,0
49.0,1.0,0.08,12.17,45.58,0,3,0
7.0,1.0,0.33,3.0,16.73,0,0,0
66.0,5.0,0.05,20.45,45.08,4,5,0
14.0,1.0,0.18,5.63,21.07,2,2,0
29.0,1.0,0.11,9.17,32.82,0,1,0
6.0,1.0,0.4,2.5,19.37,0,0,0
12.0,1.0,0.19,5.25,26.79,0,0,0
38.0,1.0,0.06,16.0,36.49,0,6,0
132.0,11.0,0.03,29.65,69.24,7,22,0
26.0,1.0,0.08,11.79,35.53,0,0,0
56.0,1.0,0.08,13.19,74.95,1,5,0
21.0,1.0,0.16,6.2,58.93,0,0,0
43.0,5.0,0.05,18.9,26.93,0,10,0
12.0,1.0,0.1,9.82,20.27,0,0,0
11.0,1.0,0.17,6.0,16.5,0,1,0
26.0,1.0,0.14,7.15,44.72,0,3,0
80.0,1.0,0.03,28.71,57.05,2,10,0
63.0,1.0,0.04,24.33,43.95,2,7,0
10.0,1.0,0.08,12.83,6.82,0,0,0
9.0,1.0,0.18,5.6,23.08,0,0,0
35.0,1.0,0.05,20.4,22.01,1,3,0
9.0,1.0,0.4,2.5,37.0,0,0,0
16.0,1.0,0.07,13.75,9.94,0,1,2
5.0,1.0,0.27,3.75,7.49,0,0,0
16.0,1.0,0.22,4.57,23.93,1,1,0
4.0,1.0,0.33,3.0,6.55,0,0,0
12.0,1.0,0.29,3.43,25.9,2,0,0
8.0,1.0,0.19,5.25,14.1,0,0,0
4.0,1.0,0.5,2.0,5.8,0,0,0
14.0,1.0,0.15,6.87,17.59,1,0,0
56.0,1.0,0.13,7.5,71.67,5,14,0
30.0,1.0,0.11,9.17,27.14,0,4,0
52.0,1.0,0.04,23.08,62.43,0,2,3
41.0,3.0,0.05,18.45,31.0,0,2,0
4.0,1.0,0.0,0.0,0.0,1,0,0
15.0,1.0,0.29,3.5,29.02,2,3,0
9.0,1.0,0.29,3.43,31.28,0,0,0
5.0,1.0,0.33,3.0,8.0,0,0,0
25.0,1.0,0.15,6.5,47.55,1,2,0
45.0,1.0,0.0,0.0,0.0,0,0,0
4.0,1.0,0.67,1.5,5.33,0,0,0
23.0,1.0,0.07,14.18,22.33,1,1,0
14.0,1.0,0.24,4.2,32.11,0,0,0
18.0,1.0,0.1,9.64,16.18,0,2,0
40.0,1.0,0.07,15.17,35.93,1,2,0
24.0,1.0,0.07,13.85,26.83,1,1,0
52.0,1.0,0.06,16.25,41.29,3,2,0
11.0,1.0,0.25,4.0,12.95,0,1,0
23.0,6.0,0.05,19.79,17.52,0,4,0
4.0,1.0,0.67,1.5,5.33,0,0,0
38.0,8.0,0.04,28.27,39.75,1,8,0
113.0,11.0,0.03,33.28,104.99,5,18,0
8.0,1.0,0.26,3.85,27.6,0,2,0
38.0,3.0,0.05,20.8,43.01,0,10,0
47.0,10.0,0.03,36.93,35.3,0,5,0
8.0,1.0,0.2,5.0,12.19,0,2,0
4.0,1.0,0.67,1.5,7.74,0,0,0
15.0,1.0,0.1,9.69,21.1,0,3,0
38.0,1.0,0.07,15.0,20.51,0,17,0
48.0,1.0,0.04,26.92,36.31,2,6,0
70.0,14.0,0.02,41.3,40.24,0,11,0
23.0,3.0,0.04,22.8,27.78,0,5,0
27.0,6.0,0.05,20.16,34.45,0,3,0
10.0,1.0,0.23,4.28,24.31,0,3,0
13.0,1.0,0.13,7.46,28.62,2,0,0
23.0,8.0,0.07,14.71,37.05,0,1,0
11.0,4.0,0.1,9.78,16.8,0,1,0
9.0,1.0,0.13,7.73,23.87,0,1,0
11.0,3.0,0.14,6.97,29.01,0,2,0
49.0,1.0,0.06,17.81,61.1,3,9,0
53.0,6.0,0.02,44.31,48.29,0,8,0
21.0,4.0,0.05,21.0,19.94,0,6,0
16.0,1.0,0.11,8.9,48.29,0,3,0
22.0,3.0,0.04,25.0,27.18,0,5,0
24.0,3.0,0.04,24.87,29.12,0,3,0
27.0,1.0,0.05,18.67,37.35,0,3,0
27.0,1.0,0.05,21.33,19.15,0,5,0
39.0,9.0,0.03,35.34,34.9,0,8,0
16.0,1.0,0.14,7.0,39.4,0,2,0
19.0,1.0,0.08,12.28,34.7,0,4,0
66.0,11.0,0.04,25.03,64.25,1,18,0
12.0,1.0,0.14,7.2,11.31,0,1,0
19.0,5.0,0.07,14.17,29.91,0,3,0
9.0,3.0,0.07,13.5,16.01,0,2,0
29.0,3.0,0.1,9.95,34.99,0,5,0
286.0,5.0,0.04,27.42,107.5,44,35,3
26.0,1.0,0.09,11.0,29.72,0,1,0
64.0,1.0,0.06,18.15,52.58,2,2,0
47.0,1.0,0.08,12.38,35.74,2,5,0
107.0,7.0,0.05,19.95,55.59,11,19,2
107.0,7.0,0.05,19.65,53.5,11,20,2
74.0,3.0,0.07,14.45,50.35,9,11,3
37.0,1.0,0.09,10.61,32.84,3,5,0
79.0,1.0,0.07,14.03,63.37,6,12,0
134.0,8.0,0.03,30.22,59.7,11,28,3
55.0,3.0,0.06,16.14,55.37,3,7,0
22.0,1.0,0.08,12.0,23.31,1,1,0
22.0,1.0,0.06,16.2,20.09,1,1,0
8.0,1.0,0.2,5.0,7.3,0,1,0
151.0,4.0,0.03,38.54,72.43,3,24,2
2.0,1.0,1.0,1.0,4.75,0,0,0
2.0,1.0,0.5,2.0,5.8,0,0,0
70.0,4.0,0.03,33.41,53.74,2,4,1
4.0,1.0,0.4,2.5,7.86,0,0,0
2.0,1.0,0.4,2.5,6.2,0,0,0
27.0,1.0,0.22,4.5,34.29,5,4,0
57.0,1.0,0.15,6.57,103.45,2,11,0
4.0,1.0,0.67,1.5,5.33,0,0,0
7.0,1.0,0.5,2.0,22.5,0,0,0
7.0,1.0,0.27,3.75,6.74,0,1,0
16.0,1.0,0.14,7.2,16.45,0,1,0
11.0,1.0,0.33,3.0,12.18,0,1,0
8.0,1.0,0.15,6.75,9.32,0,0,0
62.0,1.0,0.02,41.88,71.91,0,5,0
39.0,1.0,0.07,13.43,31.49,1,2,0
165.0,11.0,0.02,43.27,50.99,22,23,0
45.0,1.0,0.08,12.19,33.08,11,7,0
3.0,1.0,0.0,0.0,0.0,0,0,0
21.0,1.0,0.16,6.43,43.51,0,0,0
23.0,1.0,0.18,5.6,59.23,0,0,0
12.0,1.0,0.26,3.85,25.48,0,0,0
44.0,1.0,0.07,14.0,46.48,2,3,0
17.0,3.0,0.13,7.71,17.63,0,1,0
40.0,3.0,0.07,13.72,34.3,0,3,0
179.0,4.0,0.04,22.82,98.25,24,22,0
92.0,3.0,0.07,15.17,78.07,5,2,0
14.0,1.0,0.33,3.0,36.14,0,1,0
92.0,3.0,0.07,15.35,73.03,4,4,0
64.0,1.0,0.09,10.82,68.76,12,5,0
184.0,12.0,0.03,33.6,86.96,27,18,0
17.0,3.0,0.12,8.25,15.15,0,0,0
38.0,3.0,0.08,13.0,35.44,0,2,0
6.0,1.0,0.5,2.0,9.83,0,1,0
41.0,1.0,0.1,10.47,40.21,0,3,0
13.0,1.0,1.33,0.75,21.67,0,1,0
20.0,3.0,0.14,7.31,20.12,0,3,0
50.0,4.0,0.06,16.5,37.93,2,3,0
17.0,1.0,0.2,5.0,43.92,0,1,0
41.0,5.0,0.05,18.9,26.93,0,9,0
29.0,1.0,0.08,12.46,22.36,0,2,0
125.0,5.0,0.06,17.69,96.33,19,16,0
42.0,3.0,0.06,15.47,36.84,0,2,0
17.0,3.0,0.12,8.25,15.15,0,0,0
14.0,3.0,0.11,8.94,19.01,0,1,0
9.0,1.0,0.5,2.0,7.75,0,2,0
3.0,1.0,0.0,0.0,0.0,0,0,0
11.0,1.0,0.29,3.5,30.98,0,0,0
35.0,1.0,0.08,12.78,42.79,4,3,0
7.0,1.0,0.19,5.25,6.64,0,0,0
34.0,1.0,0.05,18.75,26.16,0,2,0
24.0,1.0,0.06,17.45,14.98,0,3,0
35.0,1.0,0.07,13.82,31.3,1,3,1
48.0,1.0,0.05,20.7,33.47,0,3,2
61.0,1.0,0.09,11.57,81.45,3,9,0
20.0,1.0,0.41,2.43,46.36,1,0,0
10.0,1.0,0.4,2.5,22.2,1,0,0
38.0,1.0,0.08,12.83,36.26,0,3,0
4.0,1.0,0.67,1.5,5.33,0,0,0
15.0,1.0,0.13,7.43,18.41,0,1,1
6.0,1.0,0.33,3.0,13.29,1,0,0
6.0,1.0,0.4,2.5,9.6,0,1,0
50.0,5.0,0.05,20.0,40.21,2,5,0
17.0,1.0,0.17,5.82,31.39,0,2,0
20.0,1.0,0.14,7.31,30.33,1,1,0
8.0,1.0,0.21,4.67,16.32,0,0,0
20.0,1.0,0.17,6.0,39.53,0,0,0
36.0,3.0,0.07,13.43,26.84,0,2,0
27.0,1.0,0.14,7.33,73.32,0,3,0
13.0,1.0,0.12,8.33,13.44,0,3,0
13.0,1.0,0.12,8.33,13.44,0,3,0
13.0,1.0,0.12,8.33,13.44,0,3,0
78.0,3.0,0.09,10.89,165.42,1,1,0
84.0,3.0,0.08,12.29,154.03,1,1,0
99.0,5.0,0.03,30.88,51.86,6,6,0
25.0,1.0,0.13,7.65,24.99,1,3,1
97.0,1.0,0.03,30.12,53.32,2,5,0
95.0,9.0,0.04,27.64,54.5,0,10,1
132.0,8.0,0.03,28.71,70.65,11,9,0
61.0,1.0,0.05,18.98,63.49,0,2,0
8.0,1.0,0.33,3.0,16.73,0,1,0
55.0,1.0,0.1,10.08,60.03,0,0,0
57.0,1.0,0.05,18.5,58.78,0,1,0
51.0,8.0,0.05,20.13,35.44,3,2,0
93.0,1.0,0.05,21.91,68.37,6,16,0
29.0,1.0,0.2,4.9,101.02,0,0,0
112.0,10.0,0.03,33.33,59.66,0,12,0
152.0,6.0,0.03,29.75,101.78,4,16,0
25.0,1.0,0.12,8.68,42.94,0,0,0
78.0,1.0,0.05,19.4,67.96,7,7,0
35.0,3.0,0.09,10.61,39.13,3,5,0
12.0,1.0,0.4,2.5,19.93,0,1,0
19.0,1.0,0.1,9.75,16.67,0,0,0
19.0,1.0,0.13,8.0,14.75,0,1,0
15.0,1.0,0.19,5.25,25.1,1,1,0
217.0,18.0,0.04,23.29,143.73,17,23,0
150.0,22.0,0.02,46.67,60.0,6,24,0
30.0,1.0,0.08,12.43,29.12,0,2,0
15.0,1.0,0.12,8.5,19.13,0,1,0
41.0,1.0,0.0,0.0,0.0,0,0,0
25.0,3.0,0.11,8.71,24.93,0,8,0
15.0,4.0,0.06,17.0,22.55,0,1,0
56.0,7.0,0.04,25.51,50.98,2,11,0
20.0,1.0,0.15,6.5,20.61,1,7,0
9.0,1.0,0.08,12.19,14.78,0,1,0
145.0,21.0,0.02,44.04,63.84,3,58,0
34.0,1.0,0.06,15.89,18.77,0,13,0
12.0,1.0,0.12,8.5,21.51,0,0,0
24.0,3.0,0.06,15.83,20.24,0,3,0
74.0,5.0,0.07,14.5,52.0,10,11,4
36.0,1.0,0.09,10.8,27.14,11,4,0
7.0,1.0,0.29,3.5,17.08,0,0,0
7.0,1.0,0.4,2.5,17.75,0,0,0
6.0,1.0,0.33,3.0,11.2,0,0,0
55.0,1.0,0.07,14.25,53.73,3,6,0
21.0,1.0,0.3,3.38,28.2,4,5,0
17.0,1.0,0.2,5.0,24.8,0,4,0
19.0,1.0,0.14,7.14,17.74,0,2,0
22.0,1.0,0.09,10.67,19.35,2,2,0
40.0,1.0,0.1,10.05,44.93,2,3,1
15.0,1.0,0.2,4.9,12.44,3,1,0
27.0,3.0,0.06,17.27,35.28,0,4,0
35.0,1.0,0.19,5.2,25.66,18,0,0
30.0,1.0,0.14,7.14,64.5,0,1,0
12.0,1.0,0.33,3.0,29.33,0,0,0
22.0,1.0,0.91,1.1,45.63,0,1,0
40.0,3.0,0.07,13.98,38.26,0,2,0
176.0,10.0,0.04,27.24,90.59,26,25,0
132.0,10.0,0.05,22.19,79.19,24,18,0
101.0,6.0,0.06,17.79,71.07,8,5,0
7.0,1.0,0.25,4.0,19.53,0,0,0
11.0,1.0,0.22,4.5,20.31,0,0,0
11.0,1.0,0.22,4.5,20.31,0,0,0
11.0,1.0,0.22,4.5,20.31,0,0,0
11.0,1.0,0.22,4.5,20.31,0,0,0
16.0,1.0,0.15,6.86,16.52,0,2,0
38.0,1.0,0.08,13.0,34.3,4,5,0
50.0,1.0,0.08,11.93,52.11,4,3,0
4.0,1.0,1.0,1.0,8.0,0,0,0
60.0,3.0,0.05,19.5,50.41,0,5,0
63.0,5.0,0.06,17.0,42.97,1,6,0
72.0,7.0,0.04,26.13,32.56,2,5,1
57.0,1.0,0.06,15.47,73.18,2,5,0
82.0,13.0,0.06,16.45,67.29,2,3,0
288.0,7.0,0.02,44.9,116.45,9,15,0
96.0,1.0,0.04,22.29,69.72,7,5,0
68.0,5.0,0.06,15.48,68.88,10,3,0
84.0,1.0,0.03,28.95,51.83,4,13,0
20.0,1.0,0.16,6.42,11.53,10,2,1
72.0,8.0,0.04,23.42,54.22,6,10,1
16.0,1.0,0.16,6.27,28.02,0,1,0
40.0,1.0,0.05,19.88,33.91,0,10,0
12.0,1.0,0.16,6.43,29.24,0,1,0
11.0,1.0,0.16,6.43,29.24,0,0,0
50.0,3.0,0.03,34.78,42.58,0,8,0
25.0,1.0,0.19,5.19,32.64,2,3,0
4.0,1.0,0.4,2.5,6.2,0,0,0
220.0,8.0,0.05,21.49,140.96,44,32,0
22.0,1.0,0.18,5.6,59.23,0,0,0
23.0,1.0,0.18,5.6,59.23,0,0,0
89.0,4.0,0.04,23.74,43.97,8,12,1
15.0,1.0,0.19,5.33,33.22,0,0,0
100.0,3.0,0.04,26.82,85.07,2,9,0
12.0,1.0,0.21,4.67,14.27,0,2,0
72.0,1.0,0.07,14.62,53.34,10,12,0
23.0,1.0,0.32,3.14,69.59,0,2,0
140.0,10.0,0.04,27.6,83.5,8,6,0
162.0,12.0,0.03,35.6,56.51,35,11,0
33.0,1.0,0.11,9.31,27.09,3,3,0
82.0,4.0,0.03,29.7,37.62,2,7,0
73.0,7.0,0.02,40.09,35.46,0,12,0
109.0,14.0,0.02,42.25,60.37,1,12,0
61.0,1.0,0.06,16.0,51.09,10,7,0
153.0,15.0,0.02,48.32,68.18,2,11,0
33.0,1.0,0.17,5.83,55.71,1,1,0
10.0,1.0,0.4,2.5,26.64,0,0,0
81.0,1.0,0.06,15.47,58.17,16,17,0
97.0,8.0,0.03,30.44,41.39,10,13,2
3.0,1.0,1.0,1.0,8.0,0,0,0
75.0,6.0,0.03,30.43,57.39,1,18,0
98.0,3.0,0.03,31.25,60.01,0,14,0
119.0,12.0,0.03,31.2,41.82,23,13,0
35.0,5.0,0.05,21.25,19.69,0,3,0
116.0,6.0,0.06,18.0,137.08,2,15,0
205.0,16.0,0.02,49.32,64.47,9,16,7
5.0,1.0,0.38,2.67,11.58,0,0,0
3.0,1.0,0.0,0.0,0.0,0,0,0
3.0,1.0,0.0,0.0,0.0,0,0,0
3.0,1.0,0.0,0.0,0.0,0,0,0
12.0,1.0,0.29,3.5,18.03,0,2,0
5.0,1.0,0.38,2.67,11.58,0,0,0
3.0,1.0,0.0,0.0,0.0,0,0,0
3.0,1.0,0.0,0.0,0.0,0,0,0
3.0,1.0,0.0,0.0,0.0,0,0,0
13.0,1.0,0.27,3.75,29.44,0,2,0
12.0,1.0,0.29,3.5,18.03,0,2,0
3.0,1.0,0.0,0.0,0.0,0,0,0
12.0,1.0,0.29,3.5,18.03,0,2,0
4.0,1.0,0.0,0.0,0.0,0,1,0
13.0,1.0,0.14,7.33,14.02,0,2,0
16.0,3.0,0.1,10.0,18.89,0,2,0
16.0,3.0,0.1,10.0,18.89,0,2,0
16.0,3.0,0.1,10.0,18.89,0,2,0
16.0,1.0,0.19,5.2,27.26,0,2,0
35.0,5.0,0.09,11.38,36.3,1,6,0
14.0,1.0,0.17,5.78,21.22,0,1,0
40.0,1.0,0.06,15.86,30.53,0,1,0
38.0,3.0,0.09,11.57,42.34,3,3,0
26.0,1.0,0.1,10.0,28.99,0,5,0
15.0,1.0,0.11,9.17,16.58,0,1,0
21.0,1.0,0.1,10.29,20.22,0,4,0
11.0,1.0,0.21,4.8,13.88,0,2,0
17.0,1.0,0.15,6.67,16.2,0,3,0
25.0,1.0,0.11,9.35,27.25,0,2,0
56.0,9.0,0.06,17.67,46.69,4,2,0
59.0,1.0,0.06,15.83,45.08,4,4,0
120.0,5.0,0.04,23.29,77.47,9,5,0
23.0,1.0,0.11,9.17,25.17,1,1,0
23.0,1.0,0.11,9.17,25.17,1,1,0
22.0,1.0,0.11,9.17,25.17,1,1,0
31.0,1.0,0.13,7.74,68.36,1,4,0
13.0,1.0,0.19,5.2,28.87,0,0,0
17.0,1.0,0.17,5.87,42.41,0,0,0
32.0,1.0,0.08,12.33,68.24,0,2,0
17.0,1.0,0.18,5.56,52.46,0,0,0
74.0,1.0,0.04,24.0,39.51,6,6,0
23.0,1.0,0.1,10.08,17.03,0,1,0
20.0,1.0,0.1,10.31,18.95,0,2,0
13.0,1.0,0.11,9.0,11.92,0,1,0
30.0,1.0,0.09,11.7,29.77,2,2,0
38.0,3.0,0.05,18.5,30.49,0,2,0
55.0,1.0,0.04,23.65,27.84,2,1,0
24.0,1.0,0.09,10.67,22.65,0,1,0
36.0,9.0,0.06,16.88,28.74,1,1,0
210.0,11.0,0.03,32.93,115.99,11,17,0
7.0,1.0,0.33,3.0,14.99,0,1,0
8.0,1.0,0.4,2.5,15.95,0,1,0
23.0,1.0,0.08,13.0,22.64,0,4,0
9.0,1.0,0.21,4.67,16.32,0,0,0
34.0,3.0,0.07,14.71,39.09,0,2,0
9.0,1.0,0.25,4.0,18.08,0,2,0
63.0,5.0,0.05,19.29,43.7,4,5,0
7.0,1.0,0.33,3.0,13.84,0,1,0
28.0,1.0,0.11,9.26,39.2,0,3,0
14.0,1.0,0.17,5.79,17.98,1,2,0
29.0,1.0,0.11,9.0,42.3,0,1,0
41.0,5.0,0.06,17.0,32.04,1,4,0
18.0,1.0,0.1,10.29,19.44,0,2,0
14.0,1.0,0.33,3.0,28.0,0,1,0
4.0,1.0,0.4,2.5,7.86,0,0,0
11.0,1.0,0.33,3.0,21.58,0,1,0
4.0,1.0,0.4,2.5,7.86,0,0,0
6.0,1.0,0.67,1.5,7.74,0,1,0
18.0,1.0,0.16,6.43,19.71,0,2,0
2.0,1.0,0.0,0.0,0.0,0,0,0
43.0,1.0,0.06,17.0,35.3,0,2,1
2.0,1.0,0.0,0.0,0.0,0,0,0
8.0,1.0,2.0,0.5,23.22,0,0,0
10.0,1.0,2.0,0.5,23.22,0,0,0
3.0,1.0,0.0,0.0,0.0,0,0,0
5.0,1.0,1.0,1.0,18.09,0,0,0
7.0,1.0,0.4,2.5,14.4,0,1,0
3.0,1.0,1.0,1.0,18.09,0,0,0
13.0,1.0,0.3,3.33,20.76,0,3,0
11.0,1.0,2.0,0.5,31.02,0,0,0
3.0,1.0,0.0,0.0,0.0,0,0,0
4.0,1.0,1.0,1.0,13.93,0,0,0
3.0,1.0,0.0,0.0,0.0,0,0,0
39.0,1.0,0.09,11.6,70.66,1,5,0
1.0,1.0,0.0,0.0,0.0,0,0,0
4.0,1.0,1.0,1.0,4.75,0,0,0
13.0,1.0,0.3,3.33,20.76,0,3,0
4.0,1.0,1.0,1.0,18.09,0,0,0
2.0,1.0,1.0,1.0,18.09,0,0,0
10.0,1.0,0.25,4.0,15.78,0,2,0
20.0,1.0,0.23,4.38,58.94,0,0,0
4.0,1.0,0.0,0.0,0.0,0,0,0
14.0,1.0,0.3,3.33,20.76,0,3,0
13.0,1.0,0.5,2.0,16.84,0,0,0
15.0,1.0,0.64,1.57,26.22,0,0,0
24.0,1.0,0.38,2.67,22.2,0,1,0
19.0,3.0,0.11,9.27,24.39,0,2,0
17.0,1.0,0.18,5.5,35.36,0,2,0
63.0,8.0,0.05,18.57,58.5,4,7,0
6.0,1.0,0.4,2.5,12.68,0,0,0
9.0,1.0,0.4,2.5,9.6,0,1,0
9.0,1.0,0.4,2.5,9.6,0,1,0
6.0,1.0,0.4,2.5,12.68,0,0,0
6.0,1.0,0.4,2.5,12.68,0,0,0
6.0,1.0,0.4,2.5,12.68,0,0,0
10.0,1.0,0.4,2.5,9.6,0,1,0
6.0,1.0,0.4,2.5,12.68,0,0,0
6.0,1.0,0.4,2.5,12.68,0,0,0
10.0,1.0,0.4,2.5,9.6,0,1,0
87.0,1.0,0.04,22.65,52.56,5,4,0
51.0,1.0,0.04,24.59,27.12,2,2,0
88.0,10.0,0.03,34.83,36.77,5,7,0
59.0,1.0,0.05,21.88,39.07,3,4,0
1.0,1.0,0.67,1.5,5.33,0,0,0
4.0,1.0,0.67,1.5,5.33,0,0,0
1.0,1.0,0.67,1.5,5.33,0,0,0
4.0,1.0,0.67,1.5,5.33,0,0,0
1.0,1.0,0.67,1.5,5.33,0,0,0
1.0,1.0,0.67,1.5,5.33,0,0,0
1.0,1.0,0.67,1.5,5.33,0,0,0
4.0,1.0,0.67,1.5,5.33,0,0,0
56.0,3.0,0.06,15.6,43.01,0,1,0
4.0,1.0,0.67,1.5,5.33,0,0,0
4.0,1.0,0.67,1.5,5.33,0,0,0
4.0,1.0,0.67,1.5,5.33,0,0,0
1.0,1.0,0.67,1.5,5.33,0,0,0
1.0,1.0,0.67,1.5,5.33,0,0,0
4.0,1.0,0.67,1.5,5.33,0,0,0
4.0,1.0,0.67,1.5,5.33,0,0,0
4.0,1.0,0.67,1.5,5.33,0,0,0
4.0,1.0,0.67,1.5,5.33,0,0,0
1.0,1.0,0.67,1.5,5.33,0,0,0
4.0,1.0,0.67,1.5,5.33,0,0,0
4.0,1.0,0.67,1.5,5.33,0,0,0
1.0,1.0,0.67,1.5,5.33,0,0,0
4.0,1.0,0.67,1.5,5.33,0,0,0
9.0,1.0,0.21,4.67,16.32,0,0,0
1.0,1.0,0.67,1.5,5.33,0,0,0
4.0,1.0,0.67,1.5,5.33,0,0,0
4.0,1.0,0.67,1.5,5.33,0,0,0
4.0,1.0,0.67,1.5,5.33,0,0,0
1.0,1.0,0.67,1.5,5.33,0,0,0
1.0,1.0,0.67,1.5,5.33,0,0,0
4.0,1.0,0.67,1.5,5.33,0,0,0
4.0,1.0,0.67,1.5,5.33,0,0,0
4.0,1.0,0.67,1.5,5.33,0,0,0
1.0,1.0,0.67,1.5,5.33,0,0,0
1.0,1.0,0.67,1.5,5.33,0,0,0
1.0,1.0,0.67,1.5,5.33,0,0,0
4.0,1.0,0.67,1.5,5.33,0,0,0
1.0,1.0,0.67,1.5,5.33,0,0,0
1.0,1.0,0.67,1.5,5.33,0,0,0
1.0,1.0,0.67,1.5,5.33,0,0,0
4.0,1.0,0.67,1.5,5.33,0,0,0
1.0,1.0,0.67,1.5,5.33,0,0,0
4.0,1.0,0.67,1.5,5.33,0,0,0
4.0,1.0,0.67,1.5,5.33,0,0,0
4.0,1.0,0.67,1.5,5.33,0,0,0
4.0,1.0,0.67,1.5,5.33,0,0,0
4.0,1.0,0.67,1.5,5.33,0,0,0
1.0,1.0,0.67,1.5,5.33,0,0,0
4.0,1.0,0.67,1.5,5.33,0,0,0
4.0,1.0,0.67,1.5,5.33,0,0,0
4.0,1.0,0.67,1.5,5.33,0,0,0
16.0,1.0,0.16,6.4,14.45,0,2,0
16.0,1.0,0.16,6.4,14.45,0,2,0
18.0,1.0,0.15,6.67,16.56,0,3,0
7.0,1.0,0.5,2.0,11.23,0,0,0
8.0,1.0,0.5,2.0,13.5,0,2,0
14.0,1.0,0.14,7.33,15.06,0,2,0
16.0,1.0,0.16,6.4,14.45,0,2,0
16.0,1.0,0.16,6.4,14.45,0,2,0
17.0,1.0,0.17,6.0,15.23,0,3,0
17.0,1.0,0.16,6.4,14.45,0,3,0
17.0,1.0,0.16,6.4,14.45,0,3,0
7.0,1.0,0.5,2.0,11.23,0,0,0
17.0,1.0,0.17,6.0,15.23,0,3,0
9.0,1.0,0.27,3.75,12.4,2,1,0
14.0,1.0,0.17,6.0,11.35,0,4,0
16.0,1.0,0.16,6.4,14.45,0,2,0
17.0,1.0,0.16,6.4,14.45,0,3,0
17.0,1.0,0.17,6.0,15.23,0,3,0
17.0,1.0,0.19,5.33,14.28,0,4,0
17.0,1.0,0.16,6.4,14.45,0,3,0
17.0,1.0,0.19,5.33,14.28,0,4,0
16.0,1.0,0.16,6.4,14.45,0,2,0
17.0,1.0,0.16,6.4,14.45,0,3,0
17.0,1.0,0.16,6.4,14.45,0,3,0
49.0,5.0,0.05,18.28,35.23,2,3,0
13.0,1.0,0.16,6.22,21.02,0,0,0
14.0,1.0,0.33,3.0,28.0,0,1,0
4.0,1.0,0.4,2.5,7.86,0,0,0
2.0,1.0,0.5,2.0,5.8,0,0,0
2.0,1.0,0.5,2.0,5.8,0,0,0
2.0,1.0,0.67,1.5,7.74,0,0,0
6.0,1.0,0.22,4.5,4.44,0,0,0
2.0,1.0,0.67,1.5,5.33,0,0,0
2.0,1.0,0.67,1.5,5.33,0,0,0
2.0,1.0,0.67,1.5,7.74,0,0,0
2.0,1.0,0.67,1.5,7.74,0,0,0
28.0,1.0,0.08,12.46,22.36,0,1,0
28.0,1.0,0.08,12.46,22.36,0,1,0
23.0,1.0,0.1,9.9,24.4,2,1,0
4.0,1.0,0.67,1.5,12.06,0,0,0
4.0,1.0,0.67,1.5,12.06,0,0,0
4.0,1.0,0.0,0.0,0.0,0,0,0
35.0,1.0,0.1,9.81,74.84,0,2,0
4.0,1.0,0.67,1.5,5.33,0,0,0
4.0,1.0,0.67,1.5,12.06,0,0,0
4.0,1.0,0.67,1.5,12.06,0,0,0
4.0,1.0,0.29,3.5,8.15,0,0,0
47.0,1.0,0.09,11.76,40.66,7,4,0
4.0,1.0,0.4,2.5,9.6,0,0,0
41.0,3.0,0.09,10.74,45.68,1,1,0
41.0,3.0,0.08,12.15,56.16,1,1,0
53.0,3.0,0.08,12.0,81.84,0,2,0
15.0,3.0,0.06,16.63,13.14,0,1,0
14.0,1.0,0.09,11.0,16.21,0,1,0
82.0,1.0,0.06,15.76,68.06,0,3,0
41.0,3.0,0.09,11.05,45.65,1,0,0
60.0,1.0,0.06,16.37,49.98,4,4,0
12.0,1.0,0.21,4.67,15.5,2,2,0
11.0,1.0,0.16,6.3,14.8,0,1,0
68.0,1.0,0.06,16.46,57.43,1,4,0
11.0,1.0,0.3,3.33,22.83,1,2,0
60.0,5.0,0.05,18.38,43.27,4,4,0
24.0,1.0,0.12,8.29,36.6,0,0,0
51.0,8.0,0.05,20.13,35.44,3,2,0
12.0,1.0,0.16,6.22,21.02,0,0,0
13.0,1.0,0.33,3.0,24.74,0,1,0
4.0,1.0,0.4,2.5,7.86,0,0,0
16.0,1.0,0.18,5.6,23.83,0,1,0
4.0,1.0,0.4,2.5,7.86,0,0,0
12.0,1.0,0.16,6.22,21.02,0,0,0
51.0,8.0,0.05,20.13,35.44,3,2,0
13.0,1.0,0.33,3.0,24.74,0,1,0
4.0,1.0,0.4,2.5,7.86,0,0,0
24.0,3.0,0.23,4.38,50.66,0,2,0
54.0,11.0,0.07,13.44,58.14,1,2,0
13.0,1.0,0.15,6.87,17.59,0,1,0
7.0,1.0,0.33,3.0,16.73,0,0,0
8.0,1.0,0.33,3.0,16.73,0,1,0
25.0,1.0,0.09,11.73,30.85,0,0,0
7.0,1.0,0.33,3.0,16.73,0,0,0
53.0,3.0,0.05,21.67,44.46,0,4,0
64.0,5.0,0.05,19.09,46.66,4,5,0
18.0,1.0,0.18,5.41,30.84,0,4,0
5.0,1.0,0.33,3.0,9.51,0,0,0
13.0,1.0,0.16,6.22,21.02,0,0,0
15.0,1.0,0.33,3.0,28.0,0,1,0
4.0,1.0,0.4,2.5,7.86,0,0,0
23.0,1.0,0.15,6.54,30.44,0,0,0
4.0,1.0,0.67,1.5,7.74,0,0,0
4.0,1.0,0.67,1.5,7.74,0,0,0
48.0,3.0,0.06,16.67,40.93,3,2,0
24.0,3.0,0.15,6.56,47.56,0,3,0
15.0,1.0,0.4,2.5,89.39,0,1,0
39.0,3.0,0.09,11.67,36.86,1,1,0
63.0,1.0,0.06,15.52,51.9,0,0,0
23.0,1.0,0.14,6.9,38.54,1,3,0
17.0,1.0,0.17,6.0,29.28,1,3,0
34.0,1.0,0.11,8.82,43.11,1,2,0
26.0,1.0,0.11,8.8,33.65,1,2,0
22.0,1.0,0.14,7.07,35.82,1,2,0
31.0,1.0,0.1,9.71,39.13,1,2,0
23.0,1.0,0.14,7.07,35.82,1,3,0
24.0,1.0,0.12,8.07,32.63,1,3,0
16.0,1.0,0.17,6.0,29.28,1,2,0
23.0,1.0,0.14,6.9,38.54,1,3,0
16.0,1.0,0.17,6.0,29.28,1,2,0
16.0,1.0,0.17,6.0,29.28,1,2,0
16.0,1.0,0.17,6.0,29.28,1,2,0
23.0,1.0,0.15,6.5,45.35,1,3,0
23.0,1.0,0.14,6.9,38.54,1,3,0
16.0,1.0,0.17,6.0,29.28,1,2,0
23.0,1.0,0.14,7.07,35.82,1,3,0
16.0,1.0,0.17,6.0,29.28,1,2,0
18.0,1.0,0.16,6.19,40.53,1,2,0
18.0,1.0,0.16,6.19,40.53,1,2,0
27.0,1.0,0.14,7.2,38.84,1,3,0
18.0,1.0,0.16,6.38,28.94,1,3,0
18.0,1.0,0.16,6.19,40.53,1,2,0
127.0,7.0,0.03,38.21,60.45,7,9,0
25.0,5.0,0.09,10.8,21.06,2,2,0
48.0,1.0,0.07,13.93,40.82,0,6,0
6.0,1.0,0.24,4.2,11.95,0,0,0
60.0,1.0,0.18,5.47,166.37,0,1,0
22.0,1.0,0.16,6.3,23.6,0,3,0
22.0,1.0,0.16,6.3,23.6,0,3,0
20.0,1.0,0.17,6.0,20.85,0,3,0
21.0,1.0,0.09,11.55,20.92,3,4,0
31.0,5.0,0.07,14.63,31.23,0,0,0
52.0,3.0,0.05,19.69,46.71,0,3,0
6.0,1.0,0.33,3.0,12.18,0,0,0
5.0,1.0,0.33,3.0,9.51,0,0,0
7.0,1.0,0.33,3.0,16.73,0,0,0
18.0,1.0,0.19,5.25,33.17,0,4,0
13.0,1.0,0.16,6.22,21.02,0,0,0
51.0,8.0,0.05,20.13,35.44,3,2,0
15.0,1.0,0.33,3.0,28.0,0,1,0
4.0,1.0,0.4,2.5,7.86,0,0,0
12.0,1.0,0.16,6.22,21.02,0,0,0
15.0,1.0,0.33,3.0,28.0,0,1,0
4.0,1.0,0.4,2.5,7.86,0,0,0
13.0,1.0,0.16,6.22,21.02,0,0,0
51.0,8.0,0.05,20.13,35.44,3,2,0
15.0,1.0,0.33,3.0,28.0,0,1,0
4.0,1.0,0.4,2.5,7.86,0,0,0
112.0,7.0,0.04,25.9,63.6,7,6,0
33.0,1.0,0.08,12.04,50.04,0,4,0
33.0,1.0,0.09,11.02,49.72,0,5,0
38.0,3.0,0.07,13.62,46.32,0,2,0
34.0,1.0,0.1,10.42,46.62,0,1,0
9.0,1.0,0.22,4.5,19.46,1,0,0
34.0,4.0,0.06,16.71,29.87,0,4,0
24.0,1.0,0.11,8.74,38.52,0,1,0
29.0,1.0,0.11,9.17,32.82,0,1,0
17.0,1.0,0.12,8.33,17.28,0,1,0
3.0,1.0,0.0,0.0,0.0,0,0,0
3.0,1.0,0.0,0.0,0.0,0,0,0
3.0,1.0,0.0,0.0,0.0,0,0,0
3.0,1.0,0.0,0.0,0.0,0,0,0
3.0,1.0,0.0,0.0,0.0,0,0,0
12.0,1.0,0.2,5.06,26.11,0,1,0
20.0,1.0,0.17,5.9,62.53,0,0,0
5.0,1.0,0.33,3.0,9.51,0,0,0
28.0,1.0,0.12,8.64,44.55,0,4,0
18.0,1.0,0.31,3.23,40.76,0,2,0
10.0,1.0,0.34,2.92,20.16,0,2,0
8.0,1.0,0.25,4.0,17.92,0,0,0
5.0,1.0,0.33,3.0,9.51,0,0,0
32.0,1.0,0.11,9.4,65.97,0,3,0
23.0,1.0,0.31,3.19,51.76,0,2,0
23.0,1.0,0.27,3.72,46.22,0,2,0
31.0,1.0,0.11,9.47,44.45,0,1,0
40.0,1.0,0.08,13.0,48.52,0,3,0
5.0,1.0,0.33,3.0,9.51,0,0,0
16.0,1.0,0.17,5.88,48.95,0,0,0
28.0,1.0,0.07,14.87,33.51,0,2,0
14.0,1.0,0.31,3.27,33.72,0,2,0
30.0,1.0,0.1,9.53,37.72,0,2,0
24.0,1.0,0.14,7.07,32.84,0,0,0
9.0,1.0,0.5,2.0,14.26,0,0,0
3.0,1.0,1.0,1.0,8.0,0,0,0
3.0,1.0,1.0,1.0,8.0,0,0,0
8.0,1.0,2.0,0.5,16.0,0,0,0
8.0,1.0,2.0,0.5,16.0,0,0,0
37.0,1.0,0.13,7.78,132.09,0,0,0
15.0,1.0,0.18,5.41,51.49,0,0,0
5.0,1.0,0.33,3.0,9.51,0,0,0
8.0,1.0,0.25,4.0,17.92,0,0,0
25.0,1.0,0.15,6.67,77.55,0,0,0
22.0,1.0,0.31,3.2,48.04,0,2,0
32.0,1.0,0.11,9.47,44.45,0,2,0
1.0,1.0,0.67,1.5,5.33,0,0,0
18.0,1.0,0.11,9.45,20.85,0,1,0
1.0,1.0,0.67,1.5,5.33,0,0,0
1.0,1.0,0.67,1.5,5.33,0,0,0
1.0,1.0,0.67,1.5,5.33,0,0,0
1.0,1.0,0.67,1.5,5.33,0,0,0
1.0,1.0,0.67,1.5,5.33,0,0,0
1.0,1.0,0.67,1.5,5.33,0,0,0
1.0,1.0,0.67,1.5,5.33,0,0,0
1.0,1.0,0.67,1.5,5.33,0,0,0
16.0,1.0,0.12,8.08,33.04,0,0,0
4.0,1.0,0.67,1.5,5.33,0,0,0
4.0,1.0,0.67,1.5,5.33,0,0,0
1.0,1.0,0.67,1.5,5.33,0,0,0
19.0,1.0,0.06,16.71,13.45,0,2,0
19.0,1.0,0.07,14.95,18.76,0,0,0
1.0,1.0,0.67,1.5,5.33,0,0,0
1.0,1.0,0.67,1.5,5.33,0,0,0
1.0,1.0,0.67,1.5,5.33,0,0,0
1.0,1.0,0.67,1.5,5.33,0,0,0
1.0,1.0,0.67,1.5,5.33,0,0,0
1.0,1.0,0.67,1.5,5.33,0,0,0
9.0,1.0,0.21,4.67,16.32,0,0,0
1.0,1.0,0.67,1.5,5.33,0,0,0
1.0,1.0,0.67,1.5,5.33,0,0,0
4.0,1.0,0.67,1.5,5.33,0,0,0
1.0,1.0,0.67,1.5,5.33,0,0,0
12.0,1.0,0.19,5.2,27.26,0,0,0
12.0,1.0,0.31,3.27,33.72,0,2,0
12.0,1.0,0.19,5.2,27.26,0,0,0
12.0,1.0,0.31,3.27,33.72,0,2,0
5.0,1.0,0.33,3.0,9.51,0,0,0
20.0,1.0,0.31,3.21,44.37,0,2,0
10.0,1.0,0.34,2.92,20.16,0,2,0
28.0,1.0,0.09,11.42,23.68,0,1,0
55.0,3.0,0.04,25.33,42.1,0,8,1
5.0,1.0,0.67,1.5,5.33,1,0,0
2.0,1.0,0.67,1.5,5.33,0,0,0
12.0,1.0,0.15,6.87,16.68,0,1,0
12.0,1.0,0.2,4.9,32.53,0,1,0
12.0,1.0,0.31,3.27,33.72,0,2,0
15.0,1.0,0.18,5.43,41.07,0,0,0
12.0,1.0,0.15,6.67,14.28,0,0,0
6.0,1.0,0.33,3.0,14.99,0,0,0
14.0,1.0,0.16,6.25,24.97,0,1,0
23.0,1.0,0.07,14.5,25.72,0,1,0
5.0,1.0,0.33,3.0,9.51,0,0,0
18.0,1.0,0.17,5.89,55.66,0,0,0
16.0,1.0,0.31,3.25,37.21,0,2,0
10.0,1.0,0.34,2.92,20.16,0,2,0
8.0,1.0,0.23,4.38,12.65,0,1,0
5.0,1.0,0.33,3.0,9.51,0,0,0
16.0,1.0,0.17,5.88,48.95,0,0,0
14.0,1.0,0.31,3.27,33.72,0,2,0
10.0,1.0,0.34,2.92,20.16,0,2,0
38.0,3.0,0.07,14.5,26.52,1,6,0
18.0,1.0,0.18,5.56,54.15,0,0,0
13.0,1.0,0.31,3.25,37.21,0,2,0
15.0,1.0,0.18,5.43,39.43,0,0,0
16.0,1.0,0.31,3.25,37.21,0,2,0
14.0,1.0,0.25,4.0,23.0,0,2,0
14.0,1.0,0.16,6.3,16.5,0,0,0
10.0,1.0,0.21,4.81,24.35,0,1,0
13.0,1.0,0.17,5.78,24.76,0,1,0
11.0,1.0,0.2,5.0,20.56,0,1,0
7.0,1.0,0.22,4.5,6.67,0,0,0
4.0,1.0,0.67,1.5,5.33,0,0,0
3.0,1.0,0.0,0.0,0.0,0,0,0
4.0,1.0,0.5,2.0,13.5,0,0,0
4.0,1.0,0.5,2.0,13.5,0,0,0
4.0,1.0,0.5,2.0,9.83,0,0,0
4.0,1.0,0.5,2.0,13.5,0,0,0
7.0,1.0,0.24,4.13,23.07,0,0,0
4.0,1.0,0.5,2.0,13.5,0,0,0
8.0,1.0,0.24,4.13,24.92,0,0,0
8.0,1.0,0.22,4.5,23.69,0,0,0
8.0,1.0,0.22,4.5,23.69,0,0,0
45.0,1.0,0.05,20.67,20.7,3,3,0
19.0,1.0,0.18,5.67,33.6,1,2,0
7.0,1.0,0.29,3.5,12.85,0,0,0
7.0,1.0,0.33,3.0,13.29,0,0,0
7.0,1.0,0.29,3.5,12.85,0,0,0
7.0,1.0,0.33,3.0,13.29,0,0,0
73.0,1.0,0.05,19.71,37.59,8,10,0
7.0,1.0,0.29,3.5,12.85,0,0,0
4.0,1.0,0.67,1.5,7.74,0,0,0
11.0,1.0,0.13,7.5,12.8,0,1,0
9.0,1.0,0.1,10.0,9.52,0,0,0
38.0,1.0,0.07,15.27,20.68,1,5,0
6.0,1.0,0.42,2.4,17.17,0,0,0
6.0,1.0,0.56,1.8,21.67,0,0,0
31.0,1.0,0.06,16.32,27.57,3,2,0
5.0,1.0,0.4,2.5,12.0,0,0,1
5.0,1.0,0.33,3.0,9.0,0,0,1
5.0,1.0,0.33,3.0,9.0,0,0,0
5.0,1.0,0.33,3.0,9.0,0,0,1
6.0,1.0,0.33,3.0,14.4,0,0,1
5.0,1.0,0.33,3.0,9.0,0,0,1
5.0,1.0,0.33,3.0,9.0,0,0,1
5.0,1.0,0.5,2.0,11.23,0,0,0
5.0,1.0,0.33,3.0,9.0,0,0,1
17.0,1.0,0.12,8.67,21.79,0,0,0
29.0,1.0,0.05,18.2,17.38,2,0,0
15.0,1.0,0.13,7.5,13.87,0,1,0
2.0,1.0,0.5,2.0,5.8,0,0,0
2.0,1.0,0.67,1.5,5.33,0,0,0
1.0,1.0,0.67,1.5,5.33,0,0,0
4.0,1.0,0.33,3.0,9.0,0,0,0
2.0,1.0,0.67,1.5,5.33,0,0,0
1.0,1.0,0.67,1.5,5.33,0,0,0
1.0,1.0,0.67,1.5,5.33,0,0,0
2.0,1.0,0.67,1.5,5.33,0,0,0
4.0,1.0,0.67,1.5,5.33,0,0,0
2.0,1.0,0.67,1.5,5.33,0,0,0
4.0,1.0,0.29,3.5,8.15,0,0,0
5.0,1.0,0.4,2.5,10.8,0,0,0
5.0,1.0,0.67,1.5,16.84,0,0,0
79.0,4.0,0.04,22.5,37.85,16,5,0
1.0,1.0,0.67,1.5,5.33,0,0,0
4.0,1.0,0.4,2.5,7.86,0,0,0
4.0,1.0,0.4,2.5,6.2,0,0,0
4.0,1.0,0.4,2.5,7.86,0,0,0
4.0,1.0,0.4,2.5,7.86,0,0,0
1.0,1.0,0.67,1.5,5.33,0,0,0
4.0,1.0,0.4,2.5,7.86,0,0,0
4.0,1.0,0.4,2.5,7.86,0,0,0
4.0,1.0,0.4,2.5,7.86,0,0,0
4.0,1.0,0.4,2.5,7.86,0,0,0
6.0,1.0,0.24,4.17,9.36,0,0,0
6.0,1.0,0.24,4.17,9.36,0,0,0
6.0,1.0,0.24,4.17,9.36,0,0,0
6.0,1.0,0.24,4.17,9.36,0,0,0
7.0,1.0,0.15,6.67,8.3,0,0,0
12.0,1.0,0.29,3.5,19.03,3,0,0
23.0,1.0,0.05,21.0,10.11,0,2,5
13.0,1.0,0.21,4.67,17.95,3,0,0
41.0,1.0,0.08,13.22,26.69,3,8,0
10.0,1.0,0.29,3.5,19.03,1,0,2
10.0,1.0,0.29,3.5,19.03,1,0,2
10.0,1.0,0.33,3.0,20.31,1,0,2
10.0,1.0,0.33,3.0,20.31,1,0,1
6.0,1.0,0.5,2.0,7.75,2,0,0
4.0,1.0,0.5,2.0,7.75,0,0,0
14.0,1.0,0.13,7.5,16.14,0,1,0
4.0,1.0,0.67,1.5,5.33,0,0,0
4.0,1.0,0.67,1.5,5.33,0,0,0
4.0,1.0,0.67,1.5,7.74,0,0,0
7.0,1.0,0.22,4.5,6.67,0,0,0
1.0,1.0,0.67,1.5,7.74,0,0,0
8.0,1.0,0.23,4.38,11.07,0,0,0
4.0,1.0,0.67,1.5,5.33,0,0,0
40.0,1.0,0.12,8.21,34.05,11,4,0
1.0,1.0,0.0,0.0,0.0,0,0,0
37.0,1.0,0.08,12.13,28.43,1,6,0
3.0,1.0,0.0,0.0,0.0,0,0,0
143.0,1.0,0.04,26.47,77.31,19,21,3
6.0,1.0,1.0,1.0,18.09,0,0,0
5.0,1.0,2.0,0.5,9.51,0,0,0
3.0,1.0,0.0,0.0,0.0,0,0,0
107.0,11.0,0.03,31.05,39.84,19,0,4
4.0,1.0,0.67,1.5,5.33,0,0,0
4.0,1.0,0.67,1.5,5.33,0,0,0
4.0,1.0,0.67,1.5,5.33,0,0,0
4.0,1.0,0.67,1.5,5.33,0,0,0
4.0,1.0,0.67,1.5,5.33,0,0,0
53.0,1.0,0.11,9.0,51.12,10,13,0
34.0,1.0,0.09,10.94,34.19,2,3,0
4.0,1.0,0.67,1.5,5.33,0,0,0
4.0,1.0,0.67,1.5,5.33,0,0,0
4.0,1.0,0.5,2.0,5.8,0,0,0
1.0,1.0,0.67,1.5,5.33,0,0,0
39.0,1.0,0.07,14.4,34.34,2,4,0
52.0,3.0,0.08,12.4,33.74,9,8,0
20.0,1.0,0.09,11.57,15.21,0,3,0
25.0,1.0,0.11,8.8,33.65,2,3,0
28.0,1.0,0.11,8.8,33.65,2,6,0
28.0,1.0,0.11,8.8,33.65,2,6,0
5.0,1.0,0.67,1.5,5.33,0,0,0
3.0,1.0,0.0,0.0,0.0,0,0,0
3.0,1.0,0.0,0.0,0.0,0,0,0
3.0,1.0,0.0,0.0,0.0,0,0,0
3.0,1.0,0.0,0.0,0.0,0,0,0
1.0,1.0,0.0,0.0,0.0,0,0,0
32.0,3.0,0.09,11.5,48.26,0,0,0
13.0,1.0,0.1,10.05,18.26,0,1,0
73.0,1.0,0.07,13.81,66.4,3,7,0
16.0,1.0,0.19,5.25,13.18,0,1,0
2.0,1.0,0.21,4.67,8.54,0,0,0
283.0,26.0,0.02,41.02,193.06,6,13,11
18.0,1.0,0.14,7.0,14.51,1,2,3
4.0,1.0,0.0,0.0,0.0,0,1,0
4.0,1.0,0.0,0.0,0.0,0,0,0
21.0,1.0,0.14,7.33,25.29,0,3,0
1.0,1.0,0.0,0.0,0.0,0,0,0
9.0,1.0,2.0,0.5,23.22,0,0,0
4.0,1.0,0.0,0.0,0.0,0,1,0
3.0,1.0,0.0,0.0,0.0,0,0,0
1.0,1.0,0.0,0.0,0.0,0,0,0
3.0,1.0,0.0,0.0,0.0,0,0,0
10.0,1.0,0.14,7.2,21.83,0,1,0
9.0,1.0,0.08,12.25,13.11,0,0,0
2.0,1.0,0.67,1.5,7.74,0,0,0
2.0,1.0,0.67,1.5,7.74,0,0,0
2.0,1.0,0.67,1.5,7.74,0,0,0
2.0,1.0,0.67,1.5,5.33,0,0,0
2.0,1.0,0.4,2.5,6.2,0,0,0
5.0,1.0,0.5,2.0,11.63,0,0,0
2.0,1.0,0.67,1.5,5.33,0,0,0
5.0,1.0,0.0,0.0,0.0,0,0,0
26.0,1.0,0.11,9.43,25.92,0,6,0
35.0,1.0,0.1,9.88,36.87,0,3,0
1.0,1.0,0.0,0.0,0.0,0,0,0
13.0,1.0,0.25,4.04,33.18,1,0,0
131.0,10.0,0.03,33.78,74.25,4,9,5
1.0,1.0,0.67,1.5,7.74,0,0,0
2.0,1.0,0.67,1.5,7.74,0,0,0
4.0,1.0,0.67,1.5,7.74,0,0,0
1.0,1.0,0.67,1.5,7.74,0,0,0
33.0,1.0,0.07,15.17,28.84,0,2,0
44.0,3.0,0.05,19.35,30.92,0,2,0
12.0,1.0,0.12,8.36,13.4,0,1,0
14.0,1.0,0.07,14.3,8.95,0,1,0
36.0,1.0,0.1,9.88,36.87,1,3,0
16.0,1.0,0.19,5.25,13.18,0,1,0
91.0,1.0,0.06,18.15,58.98,1,20,0
2.0,1.0,0.67,1.5,7.74,0,0,0
2.0,1.0,0.67,1.5,7.74,0,0,0
3.0,1.0,0.0,0.0,0.0,0,0,0
9.0,1.0,0.17,6.0,6.0,0,1,0
9.0,1.0,0.13,7.5,12.27,0,0,1
12.0,3.0,0.17,6.0,15.86,0,1,0
83.0,1.0,0.06,16.55,79.31,5,12,3
79.0,1.0,0.06,16.07,79.11,2,11,3
120.0,6.0,0.04,22.41,89.18,20,10,3
131.0,7.0,0.04,22.95,93.92,20,12,6
17.0,1.0,0.14,7.2,28.38,1,2,0
9.0,1.0,0.43,2.31,54.91,0,0,0
9.0,1.0,0.39,2.57,32.29,0,0,0
3.0,1.0,0.0,0.0,0.0,0,0,0
1.0,1.0,0.0,0.0,0.0,0,0,0
7.0,1.0,0.2,5.0,10.75,0,0,0
14.0,1.0,0.1,9.92,19.91,0,2,0
13.0,1.0,0.1,9.55,18.49,0,2,0
1.0,1.0,0.67,1.5,5.33,0,0,0
2.0,1.0,0.67,1.5,7.74,0,0,0
2.0,1.0,0.67,1.5,7.74,0,0,0
2.0,1.0,0.67,1.5,7.74,0,0,0
1.0,1.0,0.67,1.5,5.33,0,0,0
8.0,1.0,0.3,3.33,27.41,0,0,0
2.0,1.0,0.67,1.5,5.33,0,0,0
1.0,1.0,0.67,1.5,5.33,0,0,0
1.0,1.0,0.67,1.5,5.33,0,0,0
1.0,1.0,0.67,1.5,5.33,0,0,0
1.0,1.0,0.67,1.5,5.33,0,0,0
2.0,1.0,0.4,2.5,6.2,0,0,0
9.0,1.0,0.24,4.2,12.8,0,0,0
16.0,1.0,0.14,7.31,15.65,2,1,0
9.0,1.0,0.21,4.8,12.33,0,0,0
54.0,1.0,0.08,12.5,38.05,5,9,0
6.0,1.0,0.2,5.0,15.2,0,0,0
4.0,1.0,0.67,1.5,5.33,0,0,0
10.0,1.0,0.17,6.0,22.21,0,0,0
14.0,1.0,0.12,8.33,13.92,0,1,0
20.0,1.0,0.14,7.14,29.53,0,0,0
11.0,1.0,0.23,4.44,29.98,0,0,3
12.0,1.0,0.09,11.0,14.41,0,0,1
4.0,1.0,0.67,1.5,7.74,0,0,0
18.0,1.0,0.13,7.5,15.63,0,1,0
20.0,1.0,0.12,8.13,19.5,0,0,0
12.0,1.0,0.09,11.0,14.41,0,0,1
16.0,1.0,0.11,8.94,17.59,0,1,0
6.0,1.0,0.2,5.0,15.2,0,0,0
6.0,1.0,0.2,5.0,15.2,0,0,0
2.0,1.0,0.67,1.5,7.74,0,0,0
2.0,1.0,0.67,1.5,7.74,0,0,0
10.0,1.0,0.39,2.57,32.29,0,1,0
4.0,1.0,0.5,2.0,5.8,0,0,0
4.0,1.0,1.0,1.0,4.75,0,0,0
2.0,1.0,1.0,1.0,4.75,0,0,0
1.0,1.0,0.67,1.5,16.84,0,0,0
1.0,1.0,0.67,1.5,5.33,0,0,0
10.0,1.0,0.17,6.0,9.56,0,1,0
9.0,1.0,0.3,3.33,9.9,0,1,0
2.0,1.0,0.0,0.0,0.0,0,0,0
2.0,1.0,0.0,0.0,0.0,0,0,0
2.0,1.0,0.0,0.0,0.0,0,0,0
2.0,1.0,0.0,0.0,0.0,0,0,0
15.0,1.0,0.0,0.0,0.0,0,0,0
20.0,1.0,0.0,0.0,0.0,0,0,0
8.0,1.0,2.0,0.5,32.5,0,0,0
2.0,1.0,0.0,0.0,0.0,0,0,0
2.0,1.0,0.0,0.0,0.0,0,0,0
2.0,1.0,0.0,0.0,0.0,0,0,0
88.0,1.0,0.04,23.54,61.44,0,6,0
26.0,3.0,0.1,9.75,30.72,1,0,0
27.0,7.0,0.1,9.6,50.52,1,1,0
15.0,1.0,0.0,0.0,0.0,0,0,0
20.0,1.0,0.0,0.0,0.0,0,0,0
15.0,1.0,0.0,0.0,0.0,0,0,0
20.0,1.0,0.0,0.0,0.0,0,0,0
36.0,9.0,0.09,11.38,79.66,1,1,0
4.0,1.0,0.67,1.5,5.33,0,0,0
3.0,1.0,0.0,0.0,0.0,0,0,0
3.0,1.0,0.0,0.0,0.0,0,0,0
45.0,5.0,0.08,12.89,39.12,1,2,0
116.0,8.0,0.04,25.0,61.92,9,9,0
44.0,5.0,0.1,10.23,40.75,3,4,0
32.0,1.0,0.13,7.88,34.8,1,3,0
26.0,1.0,0.09,11.5,25.98,1,2,0
99.0,15.0,0.04,26.59,70.4,12,3,3
52.0,6.0,0.06,17.66,54.12,1,3,0
52.0,1.0,0.08,12.25,55.71,4,4,0
5.0,1.0,1.0,1.0,8.0,0,0,0
93.0,3.0,0.07,14.77,100.98,4,12,0
31.0,1.0,0.16,6.33,124.45,0,1,0
4.0,1.0,1.0,1.0,4.75,0,0,0
2.0,1.0,1.0,1.0,4.75,0,0,0
4.0,1.0,1.0,1.0,8.0,0,0,0
22.0,1.0,0.09,11.33,20.93,0,1,0
2.0,1.0,0.29,3.5,16.92,0,0,0
2.0,1.0,0.4,2.5,9.6,0,0,0
2.0,1.0,0.4,2.5,9.6,0,0,0
2.0,1.0,0.29,3.5,19.58,0,0,0
2.0,1.0,0.4,2.5,15.95,0,0,0
2.0,1.0,0.4,2.5,15.95,0,0,0
2.0,1.0,0.4,2.5,15.95,0,0,0
2.0,1.0,0.29,3.5,19.58,0,0,0
2.0,1.0,0.4,2.5,12.68,0,0,0
2.0,1.0,0.4,2.5,12.68,0,0,0
2.0,1.0,0.4,2.5,12.68,0,0,0
2.0,1.0,0.29,3.5,19.58,0,0,0
2.0,1.0,0.4,2.5,15.95,0,0,0
2.0,1.0,0.29,3.5,19.58,0,0,0
2.0,1.0,0.29,3.5,22.33,0,0,0
2.0,1.0,0.67,1.5,5.33,0,0,0
2.0,1.0,0.67,1.5,5.33,0,0,0
2.0,1.0,0.67,1.5,5.33,0,0,0
2.0,1.0,0.67,1.5,5.33,0,0,0
2.0,1.0,0.67,1.5,5.33,0,0,0
25.0,1.0,0.1,9.55,26.23,0,1,0
2.0,1.0,0.67,1.5,5.33,0,0,0
2.0,1.0,0.67,1.5,5.33,0,0,0
2.0,1.0,0.67,1.5,5.33,0,0,0
2.0,1.0,0.67,1.5,5.33,0,0,0
2.0,1.0,0.67,1.5,5.33,0,0,0
2.0,1.0,0.67,1.5,5.33,0,0,0
66.0,1.0,0.06,17.5,54.44,4,12,0
2.0,1.0,0.67,1.5,5.33,0,0,0
2.0,1.0,0.5,2.0,5.8,0,0,0
2.0,1.0,0.5,2.0,9.83,0,0,0
5.0,1.0,0.0,0.0,0.0,0,0,0
28.0,1.0,0.09,11.42,23.68,0,1,0
4.0,1.0,0.67,1.5,5.33,0,0,0
4.0,1.0,0.67,1.5,5.33,0,0,0
4.0,1.0,0.67,1.5,5.33,0,0,0
62.0,7.0,0.06,17.24,42.93,4,11,0
44.0,7.0,0.06,18.06,33.95,2,3,1
44.0,7.0,0.06,18.06,33.95,2,3,1
3.0,1.0,0.67,1.5,7.74,0,0,0
19.0,1.0,0.16,6.4,29.32,1,3,0
3.0,1.0,0.67,1.5,7.74,0,0,0
15.0,1.0,0.17,6.0,22.24,1,1,0
24.0,1.0,0.15,6.55,32.45,1,3,0
21.0,1.0,0.21,4.67,91.57,0,0,0
12.0,1.0,0.25,3.94,20.84,3,2,0
42.0,3.0,0.04,22.89,28.09,0,7,0
5.0,3.0,0.1,10.4,9.62,0,0,0
2.0,1.0,0.29,3.5,16.92,0,0,0
45.0,4.0,0.03,37.74,45.99,0,13,0
2.0,1.0,0.4,2.5,9.6,0,0,0
9.0,3.0,0.12,8.33,12.96,0,0,0
2.0,1.0,0.4,2.5,9.6,0,0,0
2.0,1.0,0.29,3.5,19.58,0,0,0
2.0,1.0,0.4,2.5,15.95,0,0,0
2.0,1.0,0.4,2.5,15.95,0,0,0
20.0,3.0,0.07,14.12,26.8,0,2,0
2.0,1.0,0.4,2.5,15.95,0,0,0
20.0,3.0,0.07,15.2,16.07,0,4,0
13.0,5.0,0.05,18.2,8.25,0,1,0
15.0,1.0,0.11,9.33,11.42,0,4,0
28.0,11.0,0.07,13.43,45.45,0,1,0
2.0,1.0,0.29,3.5,19.58,0,0,0
6.0,1.0,0.16,6.29,16.78,0,0,0
2.0,1.0,0.4,2.5,12.68,0,0,0
2.0,1.0,0.4,2.5,12.68,0,0,0
2.0,1.0,0.4,2.5,12.68,0,0,0
2.0,1.0,0.29,3.5,19.58,0,0,0
76.0,10.0,0.05,21.44,60.94,1,7,0
69.0,10.0,0.05,21.71,54.6,1,5,0
2.0,1.0,0.4,2.5,15.95,0,0,0
2.0,1.0,0.29,3.5,19.58,0,0,0
2.0,1.0,0.29,3.5,22.33,0,0,0
39.0,1.0,0.06,16.96,42.65,2,5,0
2.0,1.0,0.67,1.5,5.33,0,0,0
2.0,1.0,0.5,2.0,9.83,0,0,0
46.0,1.0,0.06,15.47,31.07,1,4,0
5.0,1.0,0.0,0.0,0.0,0,0,0
36.0,4.0,0.04,22.31,36.26,0,9,0
6.0,1.0,0.67,1.5,16.84,0,0,0
3.0,1.0,0.67,1.5,7.74,0,0,0
3.0,1.0,0.67,1.5,7.74,0,0,0
8.0,1.0,0.14,7.33,11.71,0,1,0
60.0,5.0,0.03,38.92,48.61,0,19,0
70.0,5.0,0.02,41.5,60.88,0,16,0
93.0,5.0,0.02,53.75,61.07,0,23,0
44.0,7.0,0.02,49.38,20.15,0,6,0
3.0,1.0,0.0,0.0,0.0,0,0,0
2.0,1.0,0.0,0.0,0.0,0,0,0
3.0,1.0,0.0,0.0,0.0,0,0,0
2.0,1.0,0.0,0.0,0.0,0,0,0
3.0,1.0,0.0,0.0,0.0,0,0,0
31.0,1.0,0.0,0.0,0.0,0,0,0
6.0,1.0,0.0,0.0,0.0,0,0,0
34.0,1.0,0.0,0.0,0.0,0,0,0
21.0,1.0,0.0,0.0,0.0,0,0,0
45.0,1.0,0.0,0.0,0.0,0,0,0
6.0,1.0,0.0,0.0,0.0,0,0,0
27.0,1.0,0.0,0.0,0.0,0,0,0
48.0,8.0,0.07,13.56,70.05,3,4,0
6.0,1.0,0.0,0.0,0.0,0,0,0
27.0,1.0,0.1,9.53,29.25,0,3,0
27.0,1.0,0.0,0.0,0.0,0,0,0
37.0,1.0,0.0,0.0,0.0,0,0,0
6.0,1.0,0.0,0.0,0.0,0,0,0
26.0,1.0,0.17,5.91,36.95,0,2,0
15.0,1.0,0.15,6.67,14.28,0,1,0
6.0,1.0,2.0,0.5,9.51,0,0,0
4.0,1.0,1.0,1.0,4.75,0,0,0
9.0,1.0,1.6,0.63,29.72,0,0,0
4.0,1.0,1.0,1.0,4.75,0,0,0
5.0,1.0,2.0,0.5,4.0,0,0,0
2.0,1.0,0.0,0.0,0.0,0,0,0
4.0,1.0,1.0,1.0,4.75,0,0,0
3.0,1.0,0.0,0.0,0.0,0,0,0
3.0,1.0,0.0,0.0,0.0,0,0,0
131.0,1.0,0.04,24.68,87.91,4,10,0
15.0,1.0,0.0,0.0,0.0,0,0,0
20.0,1.0,0.0,0.0,0.0,0,0,0
15.0,1.0,0.15,6.67,14.28,0,1,0
20.0,1.0,0.0,0.0,0.0,0,0,0
15.0,1.0,0.0,0.0,0.0,0,0,0
15.0,1.0,0.15,6.67,14.28,0,1,0
17.0,1.0,0.0,0.0,0.0,0,0,0
9.0,1.0,0.0,0.0,0.0,0,0,0
1.0,1.0,0.67,1.5,5.33,0,0,0
15.0,1.0,0.0,0.0,0.0,0,0,0
15.0,1.0,0.0,0.0,0.0,0,0,0
19.0,1.0,0.0,0.0,0.0,0,0,0
1.0,1.0,0.67,1.5,5.33,0,0,0
15.0,1.0,0.0,0.0,0.0,0,0,0
2.0,1.0,0.4,2.5,6.2,0,0,0
38.0,1.0,0.0,0.0,0.0,0,0,0
44.0,3.0,0.1,10.05,48.51,2,6,0
4.0,1.0,0.67,1.5,5.33,0,0,0
4.0,1.0,0.67,1.5,5.33,0,0,0
4.0,1.0,0.67,1.5,5.33,0,0,0
4.0,1.0,0.67,1.5,5.33,0,0,0
27.0,1.0,0.0,0.0,0.0,0,0,0
6.0,1.0,0.0,0.0,0.0,0,0,0
29.0,1.0,0.13,8.0,37.73,1,4,0
38.0,1.0,0.0,0.0,0.0,0,0,0
23.0,1.0,0.12,8.16,38.72,0,2,0
15.0,1.0,0.15,6.67,14.28,0,1,0
27.0,1.0,0.13,7.75,45.4,0,5,0
26.0,1.0,0.0,0.0,0.0,0,0,0
24.0,1.0,0.0,0.0,0.0,0,0,0
6.0,1.0,0.0,0.0,0.0,0,0,0
23.0,1.0,0.17,6.0,33.67,0,2,0
21.0,1.0,0.13,7.71,33.42,0,2,0
15.0,1.0,0.15,6.67,14.28,0,1,0
26.0,1.0,0.13,7.75,45.4,0,4,0
13.0,1.0,0.0,0.0,0.0,0,0,0
15.0,1.0,0.15,6.67,14.28,0,1,0
4.0,1.0,0.67,1.5,7.74,0,0,0
4.0,1.0,0.67,1.5,7.74,0,0,0
10.0,1.0,0.5,2.0,18.0,2,2,2
3.0,1.0,0.0,0.0,0.0,0,0,0
4.0,1.0,0.5,2.0,7.75,0,0,0
3.0,1.0,0.0,0.0,0.0,0,0,0
7.0,1.0,0.18,5.6,14.08,0,1,0
3.0,1.0,0.0,0.0,0.0,0,0,0
4.0,1.0,0.5,2.0,7.75,0,0,0
3.0,1.0,0.0,0.0,0.0,0,0,0
7.0,1.0,0.18,5.6,14.08,0,1,0
3.0,1.0,0.0,0.0,0.0,0,0,0
3.0,1.0,0.0,0.0,0.0,0,0,0
59.0,1.0,0.07,14.67,49.35,1,3,1
66.0,1.0,0.06,15.83,49.98,4,9,0
26.0,1.0,0.13,8.0,30.75,2,7,0
17.0,3.0,0.13,7.5,15.47,1,1,0
34.0,7.0,0.06,16.73,23.85,0,6,0
25.0,1.0,0.09,11.0,29.72,0,1,0
12.0,1.0,0.24,4.08,15.41,2,2,0
63.0,6.0,0.06,18.0,42.58,2,5,1
17.0,1.0,0.13,7.5,19.46,0,0,0
61.0,6.0,0.06,18.0,42.58,2,5,1
16.0,1.0,0.13,7.5,16.67,0,0,0
19.0,1.0,0.14,7.0,25.31,0,0,0
11.0,1.0,0.27,3.75,13.29,2,2,0
19.0,1.0,0.15,6.5,24.6,0,0,0
19.0,1.0,0.14,7.0,25.31,0,0,0
18.0,1.0,0.14,7.22,22.94,0,0,0
39.0,3.0,0.07,14.74,34.57,3,6,1
60.0,1.0,0.07,14.0,50.98,1,3,0
17.0,3.0,0.13,7.5,15.47,0,2,0
13.0,1.0,0.12,8.1,12.22,0,1,0
13.0,1.0,0.12,8.1,12.22,0,1,0
23.0,4.0,0.06,15.83,15.35,0,1,0
149.0,19.0,0.03,30.36,80.13,9,16,8
25.0,1.0,0.1,9.64,33.76,3,1,0
41.0,3.0,0.1,10.52,49.31,1,2,0
5.0,1.0,1.0,1.0,8.0,0,0,0
3.0,1.0,1.0,1.0,8.0,0,0,0
12.0,1.0,0.42,2.4,13.21,0,0,0
2.0,1.0,1.0,1.0,4.75,0,0,0
2.0,1.0,1.0,1.0,8.0,0,0,0
37.0,3.0,0.09,11.42,41.08,1,2,0
2.0,1.0,1.0,1.0,4.75,0,0,0
2.0,1.0,1.0,1.0,4.75,0,0,0
8.0,1.0,0.4,2.5,14.62,0,0,1
32.0,3.0,0.1,9.92,44.35,1,2,0
2.0,1.0,1.0,1.0,8.0,0,0,0
13.0,1.0,0.42,2.4,13.21,0,1,0
37.0,3.0,0.09,10.61,42.9,1,2,0
2.0,1.0,1.0,1.0,8.0,0,0,0
11.0,1.0,0.4,2.5,10.8,0,1,0
2.0,1.0,1.0,1.0,8.0,0,0,0
33.0,3.0,0.1,9.92,44.35,1,3,0
13.0,1.0,0.42,2.4,13.21,0,1,0
16.0,1.0,0.1,9.75,12.82,0,0,0
2.0,1.0,1.0,1.0,4.75,0,0,0
4.0,1.0,1.0,1.0,4.75,0,0,0
30.0,1.0,0.18,5.6,84.67,1,2,1
4.0,1.0,1.0,1.0,4.75,0,0,0
6.0,1.0,0.4,2.5,12.68,0,0,0
6.0,1.0,0.4,2.5,12.68,0,0,0
62.0,11.0,0.05,21.8,42.96,1,6,0
2.0,1.0,0.67,1.5,5.33,0,0,0
2.0,1.0,0.67,1.5,5.33,0,0,0
2.0,1.0,0.67,1.5,5.33,0,0,0
2.0,1.0,0.67,1.5,5.33,0,0,0
1.0,1.0,0.67,1.5,5.33,0,0,0
1.0,1.0,0.67,1.5,5.33,0,0,0
1.0,1.0,0.67,1.5,5.33,0,0,0
1.0,1.0,0.67,1.5,5.33,0,0,0
1.0,1.0,0.67,1.5,5.33,0,0,0
1.0,1.0,0.67,1.5,5.33,0,0,0
1.0,1.0,0.67,1.5,5.33,0,0,0
1.0,1.0,0.67,1.5,5.33,0,0,0
1.0,1.0,0.67,1.5,5.33,0,0,0
25.0,1.0,0.1,9.55,26.23,0,1,0
25.0,1.0,0.1,9.55,26.23,0,1,0
25.0,1.0,0.1,9.55,26.23,0,1,0
25.0,1.0,0.1,9.55,26.23,0,1,0
25.0,1.0,0.1,9.55,26.23,0,1,0
1.0,1.0,0.67,1.5,5.33,0,0,0
1.0,1.0,0.67,1.5,5.33,0,0,0
1.0,1.0,0.67,1.5,5.33,0,0,0
1.0,1.0,0.67,1.5,5.33,0,0,0
1.0,1.0,0.67,1.5,5.33,0,0,0
1.0,1.0,0.67,1.5,5.33,0,0,0
42.0,3.0,0.07,14.58,30.09,0,7,0
49.0,3.0,0.07,14.64,35.31,1,7,0
48.0,3.0,0.06,16.18,31.43,1,6,0
42.0,3.0,0.07,14.21,31.86,0,6,0
1.0,1.0,0.67,1.5,5.33,0,0,0
1.0,1.0,0.67,1.5,5.33,0,0,0
8.0,1.0,0.28,3.6,16.34,0,0,0
136.0,9.0,0.04,24.07,83.27,2,14,2
2.0,1.0,0.4,2.5,7.86,0,0,0
2.0,1.0,0.67,1.5,7.74,0,0,0
123.0,13.0,0.03,35.32,65.48,5,8,1
2.0,1.0,0.67,1.5,5.33,0,0,0
2.0,1.0,0.67,1.5,5.33,0,0,0
2.0,1.0,0.67,1.5,5.33,0,0,0
2.0,1.0,0.67,1.5,5.33,0,0,0
4.0,1.0,0.67,1.5,5.33,0,0,0
2.0,1.0,0.67,1.5,5.33,0,0,0
4.0,1.0,0.67,1.5,5.33,0,0,0
2.0,1.0,0.67,1.5,5.33,0,0,0
2.0,1.0,0.67,1.5,5.33,0,0,0
2.0,1.0,0.67,1.5,5.33,0,0,0
59.0,8.0,0.06,16.23,43.32,2,6,0
91.0,10.0,0.05,19.38,56.75,2,7,1
49.0,1.0,0.07,14.78,37.22,2,4,1
77.0,8.0,0.05,19.52,54.82,4,3,0
76.0,8.0,0.06,18.07,57.94,0,5,0
54.0,1.0,0.08,12.06,39.82,8,5,1
57.0,1.0,0.08,13.0,46.95,0,8,0
7.0,1.0,0.3,3.33,11.7,0,0,0
92.0,3.0,0.05,19.59,63.73,5,8,1
63.0,1.0,0.07,14.29,55.45,2,2,0
48.0,1.0,0.07,13.65,42.12,1,2,0
65.0,1.0,0.06,16.04,56.27,1,2,0
18.0,4.0,0.12,8.64,16.4,0,3,0
46.0,1.0,0.09,10.59,39.92,0,6,0
7.0,1.0,0.3,3.33,11.7,0,0,0
43.0,1.0,0.11,9.43,31.91,8,3,0
32.0,1.0,0.14,6.97,119.9,0,2,0
22.0,1.0,0.18,5.7,50.68,0,1,0
15.0,1.0,0.2,5.0,22.4,1,2,0
15.0,1.0,0.2,5.0,22.4,1,2,0
15.0,1.0,0.2,5.0,22.4,1,2,0
57.0,1.0,0.04,27.06,23.87,3,6,1
52.0,1.0,0.04,26.13,23.36,0,4,0
1.0,1.0,0.67,1.5,5.33,0,0,0
4.0,1.0,0.67,1.5,7.74,0,0,0
14.0,1.0,0.29,3.5,15.86,0,1,0
14.0,1.0,0.29,3.5,15.86,0,1,0
13.0,1.0,0.29,3.5,13.32,0,1,0
14.0,1.0,0.29,3.5,15.86,0,1,0
9.0,1.0,0.33,3.0,12.18,0,1,0
23.0,1.0,0.11,9.09,27.54,1,3,0
23.0,1.0,0.1,10.45,26.47,3,0,0
17.0,1.0,0.13,8.0,23.23,1,2,0
31.0,3.0,0.1,10.13,34.66,1,7,0
17.0,1.0,0.13,7.78,20.75,1,3,0
8.0,1.0,0.11,8.75,5.07,0,0,0
5.0,1.0,0.27,3.75,5.99,0,0,0
3.0,1.0,0.0,0.0,0.0,0,0,0
3.0,1.0,0.0,0.0,0.0,0,0,0
3.0,1.0,0.0,0.0,0.0,0,0,0
3.0,1.0,0.0,0.0,0.0,0,0,0
12.0,1.0,0.23,4.38,11.86,1,3,0
3.0,1.0,0.0,0.0,0.0,0,0,0
59.0,7.0,0.05,21.95,46.31,4,5,1
53.0,4.0,0.06,17.25,40.95,2,9,1
28.0,1.0,0.16,6.43,42.22,2,1,0
6.0,1.0,0.4,2.5,10.8,0,0,0
62.0,7.0,0.05,19.44,44.1,3,9,0
6.0,1.0,0.4,2.5,10.8,0,0,0
50.0,3.0,0.08,12.57,73.68,1,3,0
131.0,7.0,0.04,27.12,61.08,8,28,2
2.0,1.0,0.67,1.5,7.74,0,0,0
91.0,4.0,0.06,16.97,65.84,6,13,0
4.0,1.0,0.67,1.5,7.74,0,0,0
49.0,3.0,0.07,14.67,32.95,4,3,0
63.0,1.0,0.09,10.59,46.25,3,10,0
131.0,7.0,0.04,27.12,61.08,8,28,2
21.0,1.0,0.11,9.17,15.71,1,3,0
9.0,1.0,0.4,2.5,10.8,1,2,0
34.0,4.0,0.09,10.73,29.87,0,2,0
6.0,1.0,0.4,2.5,10.8,0,0,0
2.0,1.0,0.67,1.5,7.74,0,0,0
56.0,1.0,0.08,12.16,49.64,2,7,0
17.0,1.0,0.19,5.25,19.03,1,1,0
65.0,7.0,0.05,18.93,39.92,10,4,1
29.0,1.0,0.12,8.64,30.09,1,2,0
10.0,1.0,0.38,2.67,19.93,0,2,0
2.0,1.0,1.0,1.0,4.75,0,0,0
1.0,1.0,0.0,0.0,0.0,0,0,0
4.0,1.0,0.67,1.5,10.34,0,0,0
4.0,1.0,2.0,0.5,4.0,0,0,0
2.0,1.0,1.0,1.0,4.75,0,0,0
2.0,1.0,1.0,1.0,4.75,0,0,0
6.0,1.0,0.67,1.5,16.84,0,0,0
4.0,1.0,2.0,0.5,4.0,0,0,0
4.0,1.0,2.0,0.5,9.51,0,0,0
25.0,1.0,0.12,8.5,17.8,0,3,0
7.0,1.0,0.33,3.0,12.0,0,0,0
2.0,1.0,1.0,1.0,4.75,0,0,0
2.0,1.0,1.0,1.0,4.75,0,0,0
72.0,5.0,0.05,18.94,48.24,2,13,0
45.0,1.0,0.1,10.47,35.95,6,8,2
1.0,1.0,0.67,1.5,5.33,0,0,0
1.0,1.0,0.67,1.5,5.33,0,0,0
7.0,1.0,0.4,2.5,10.8,1,1,0
1.0,1.0,0.67,1.5,5.33,0,0,0
2.0,1.0,0.67,1.5,5.33,0,0,0
41.0,1.0,0.1,9.93,80.38,0,3,0
5.0,1.0,0.4,2.5,12.68,0,0,0
30.0,1.0,0.09,10.63,20.8,5,2,0
53.0,5.0,0.06,15.83,47.68,4,7,0
123.0,9.0,0.03,32.61,68.03,2,11,0
2.0,1.0,0.67,1.5,7.74,0,0,0
6.0,1.0,0.4,2.5,10.8,0,0,0
1.0,1.0,0.0,0.0,0.0,0,0,0
44.0,4.0,0.08,12.57,33.66,2,6,0
13.0,1.0,0.4,2.5,18.6,4,2,0
13.0,1.0,0.4,2.5,18.6,4,2,0
44.0,4.0,0.08,12.57,33.66,2,6,0
6.0,1.0,0.25,4.0,8.72,0,0,0
7.0,1.0,0.67,1.5,7.74,0,0,0
118.0,7.0,0.05,18.98,85.04,2,16,1
65.0,5.0,0.07,15.0,61.43,1,8,1
129.0,16.0,0.04,25.53,81.73,1,13,0
7.0,1.0,0.25,4.0,8.72,0,1,0
44.0,4.0,0.08,12.57,33.66,2,6,0
14.0,1.0,0.4,2.5,18.6,4,3,0
6.0,1.0,0.29,3.5,6.86,2,0,0
2.0,1.0,0.29,3.5,10.44,0,0,0
2.0,1.0,0.5,2.0,5.8,0,0,0
2.0,1.0,0.25,4.0,8.72,0,0,0
58.0,3.0,0.09,10.6,64.62,14,6,0
4.0,1.0,0.67,1.5,7.74,0,0,0
75.0,5.0,0.06,17.14,57.29,5,10,0
95.0,13.0,0.04,24.75,54.04,3,10,0
18.0,1.0,0.14,7.07,18.67,0,2,0
6.0,1.0,0.4,2.5,10.8,0,0,0
2.0,1.0,0.67,1.5,7.74,0,0,0
47.0,6.0,0.05,21.07,34.05,1,5,0
10.0,1.0,0.4,2.5,10.8,2,2,0
2.0,1.0,0.67,1.5,5.33,0,0,0
2.0,1.0,0.67,1.5,5.33,0,0,0
2.0,1.0,0.67,1.5,5.33,0,0,0
27.0,1.0,0.13,7.88,30.12,5,4,0
27.0,1.0,0.13,7.88,30.12,5,4,0
27.0,1.0,0.13,7.77,27.8,5,4,0
36.0,1.0,0.08,12.54,28.45,4,4,0
38.0,4.0,0.07,13.85,23.96,6,3,0
81.0,1.0,0.07,14.32,67.87,8,10,0
26.0,1.0,0.13,8.0,22.41,5,4,0
8.0,1.0,0.22,4.5,6.67,2,0,0
71.0,8.0,0.05,18.3,48.86,0,8,0
70.0,8.0,0.06,16.42,54.12,0,7,0
1.0,1.0,0.67,1.5,7.74,0,0,0
4.0,1.0,0.67,1.5,7.74,0,0,0
1.0,1.0,0.67,1.5,7.74,0,0,0
1.0,1.0,0.67,1.5,7.74,0,0,0
1.0,1.0,0.67,1.5,7.74,0,0,0
4.0,1.0,0.67,1.5,7.74,0,0,0
4.0,1.0,0.67,1.5,7.74,0,0,0
1.0,1.0,0.0,0.0,0.0,0,0,0
4.0,1.0,0.67,1.5,7.74,0,0,0
1.0,1.0,0.0,0.0,0.0,0,0,0
3.0,1.0,0.67,1.5,7.74,0,0,0
2.0,1.0,0.67,1.5,5.33,0,0,0
85.0,6.0,0.04,27.33,45.6,2,9,0
150.0,8.0,0.03,35.08,54.02,13,34,9
148.0,12.0,0.03,37.49,68.05,11,19,0
2.0,1.0,0.67,1.5,5.33,0,0,0
3.0,1.0,0.67,1.5,7.74,0,0,0
155.0,19.0,0.03,31.5,80.48,2,17,0
4.0,1.0,0.67,1.5,7.74,0,0,0
118.0,11.0,0.04,26.55,78.1,3,19,0
108.0,11.0,0.05,21.35,76.67,3,15,0
8.0,1.0,0.11,8.75,5.07,0,0,0
32.0,1.0,0.09,10.64,23.57,8,1,0
3.0,1.0,0.0,0.0,0.0,0,0,0
3.0,1.0,0.0,0.0,0.0,0,0,0
10.0,1.0,0.23,4.38,11.86,1,1,0
3.0,1.0,0.0,0.0,0.0,0,0,0
46.0,1.0,0.13,7.59,66.55,5,5,12
12.0,1.0,0.27,3.75,15.22,4,0,0
15.0,1.0,0.2,5.0,21.32,0,0,0
7.0,1.0,0.4,2.5,10.8,1,0,0
7.0,1.0,0.4,2.5,10.8,1,0,0
11.0,1.0,0.27,3.75,15.22,3,0,0
42.0,5.0,0.05,18.89,26.39,4,5,2
85.0,1.0,0.06,17.14,61.88,17,7,3
11.0,1.0,0.27,3.75,15.22,3,0,0
4.0,1.0,0.33,3.0,9.51,0,0,0
6.0,1.0,0.29,3.5,15.36,0,0,0
3.0,1.0,0.0,0.0,0.0,0,0,0
10.0,1.0,0.28,3.6,15.38,0,0,1
10.0,1.0,0.28,3.6,15.38,0,0,1
19.0,1.0,0.27,3.75,15.22,4,0,0
78.0,1.0,0.06,16.5,49.46,6,6,0
68.0,1.0,0.07,15.29,50.46,3,6,0
61.0,5.0,0.05,18.78,40.5,3,6,0
2.0,1.0,1.0,1.0,4.75,0,0,0
6.0,1.0,0.67,1.5,16.84,1,0,1
25.0,1.0,0.23,4.27,101.6,1,3,3
2.0,1.0,1.0,1.0,4.75,0,0,0
2.0,1.0,1.0,1.0,4.75,0,0,0
3.0,1.0,0.0,0.0,0.0,0,0,0
3.0,1.0,2.0,0.5,4.0,0,0,0
3.0,1.0,0.0,0.0,0.0,0,0,0
18.0,1.0,0.16,6.19,17.18,0,0,0
16.0,1.0,0.16,6.43,15.56,0,0,0
4.0,1.0,0.5,2.0,7.75,0,0,0
48.0,5.0,0.06,18.0,36.96,4,2,4
28.0,1.0,0.12,8.57,35.1,0,2,0
1.0,1.0,0.67,1.5,5.33,0,0,0
28.0,1.0,0.12,8.57,35.65,0,2,0
75.0,1.0,0.07,14.0,60.41,2,9,0
14.0,1.0,0.27,3.75,15.22,3,0,0
8.0,1.0,0.28,3.6,16.34,0,0,0
2.0,1.0,0.4,2.5,7.86,0,0,0
65.0,7.0,0.05,19.98,47.23,6,5,4
54.0,5.0,0.06,17.64,42.76,5,3,3
13.0,1.0,0.15,6.67,16.56,1,1,0
18.0,1.0,0.15,6.86,19.94,0,2,0
5.0,1.0,0.33,3.0,12.18,0,0,0
4.0,1.0,0.33,3.0,9.51,0,0,0
4.0,1.0,0.33,3.0,9.51,0,0,0
5.0,1.0,0.33,3.0,12.18,0,0,0
12.0,1.0,0.17,6.0,22.67,0,1,0
12.0,1.0,0.17,6.0,22.67,0,1,0
46.0,5.0,0.06,17.27,33.81,6,5,2
47.0,5.0,0.06,17.5,34.94,5,6,2
39.0,1.0,0.1,9.92,35.28,4,5,5
2.0,1.0,0.67,1.5,5.33,0,0,0
2.0,1.0,0.67,1.5,5.33,0,0,0
2.0,1.0,0.67,1.5,5.33,0,0,0
1.0,1.0,0.0,0.0,0.0,0,0,0
9.0,1.0,0.27,3.75,12.4,0,0,1
9.0,1.0,0.27,3.75,12.4,0,0,1
49.0,3.0,0.07,14.4,55.28,1,6,0
1.0,1.0,0.67,1.5,7.74,0,0,0
1.0,1.0,0.67,1.5,7.74,0,0,0
19.0,1.0,0.15,6.75,25.8,0,2,1
32.0,1.0,0.11,9.34,32.22,4,3,0
15.0,1.0,0.13,8.0,24.31,0,0,0
16.0,1.0,0.13,8.0,24.31,0,0,0
9.0,1.0,0.17,6.0,17.13,0,0,0
16.0,1.0,0.17,5.85,24.69,1,1,0
14.0,1.0,0.18,5.63,18.89,1,2,0
9.0,1.0,0.17,6.0,17.13,0,0,0
6.0,1.0,0.67,1.5,7.74,2,0,0
17.0,1.0,0.13,7.92,29.85,0,0,0
17.0,1.0,0.13,7.92,29.85,0,0,0
15.0,1.0,0.13,8.0,24.31,0,0,0
16.0,1.0,0.13,7.92,29.29,0,0,0
22.0,1.0,0.21,4.67,30.86,3,2,1
50.0,3.0,0.07,13.78,57.62,2,6,0
3.0,1.0,0.0,0.0,0.0,0,0,0
3.0,1.0,0.0,0.0,0.0,0,0,0
36.0,1.0,0.07,13.34,35.6,0,1,0
18.0,1.0,0.12,8.18,25.36,1,1,1
12.0,1.0,0.25,4.0,8.72,3,1,0
25.0,1.0,0.09,11.0,33.72,3,1,0
13.0,1.0,0.18,5.69,21.98,1,2,0
5.0,1.0,1.0,1.0,8.0,0,0,0
3.0,1.0,1.0,1.0,8.0,0,0,0
4.0,1.0,1.0,1.0,4.75,0,0,0
11.0,1.0,0.19,5.25,16.37,0,0,0
45.0,3.0,0.07,14.95,38.72,6,1,1
13.0,1.0,0.14,7.0,11.78,0,0,0
6.0,1.0,0.4,2.5,12.68,0,0,0
16.0,1.0,0.4,2.5,9.6,6,2,0
6.0,1.0,0.4,2.5,12.68,0,0,0
2.0,1.0,0.67,1.5,5.33,0,0,0
2.0,1.0,0.67,1.5,5.33,0,0,0
2.0,1.0,0.67,1.5,5.33,0,0,0
2.0,1.0,0.67,1.5,5.33,0,0,0
42.0,3.0,0.1,10.0,53.98,1,3,0
2.0,1.0,0.67,1.5,7.74,0,0,0
135.0,13.0,0.03,36.77,85.01,2,3,1
4.0,1.0,0.67,1.5,5.33,0,0,0
4.0,1.0,0.67,1.5,5.33,0,0,0
61.0,1.0,0.08,13.0,70.96,1,6,0
25.0,1.0,0.11,9.17,33.33,2,1,0
12.0,1.0,0.22,4.55,31.44,0,0,0
44.0,3.0,0.08,13.22,37.44,1,4,0
4.0,1.0,0.67,1.5,7.74,0,0,0
11.0,1.0,0.33,3.0,12.18,0,1,0
57.0,1.0,0.07,14.76,40.61,1,4,0
39.0,7.0,0.05,21.6,32.79,0,1,0
4.0,1.0,0.67,1.5,7.74,0,0,0
1.0,1.0,0.0,0.0,0.0,0,0,0
4.0,1.0,0.5,2.0,5.8,0,0,0
7.0,1.0,0.42,2.4,21.25,0,0,0
7.0,1.0,0.2,5.0,4.14,0,0,0
4.0,1.0,0.0,0.0,0.0,1,0,0
3.0,1.0,0.0,0.0,0.0,0,0,0
4.0,1.0,0.5,2.0,5.8,0,0,0
6.0,1.0,0.19,5.25,11.86,0,0,1
5.0,1.0,0.22,4.5,8.0,0,0,0
20.0,1.0,0.1,10.0,20.81,0,2,0
5.0,1.0,0.4,2.5,7.86,0,0,0
14.0,1.0,0.38,2.67,16.84,3,4,0
2.0,1.0,0.67,1.5,5.33,0,0,0
2.0,1.0,0.67,1.5,7.74,0,0,0
18.0,1.0,0.12,8.25,24.67,0,1,0
2.0,1.0,0.2,5.0,3.62,0,0,0
2.0,1.0,0.67,1.5,7.74,0,0,0
9.0,1.0,0.34,2.92,16.61,0,1,0
5.0,1.0,0.33,3.0,14.4,0,0,0
2.0,1.0,0.67,1.5,7.74,0,0,0
16.0,1.0,0.11,9.0,11.29,0,1,0
17.0,1.0,0.13,7.86,15.92,0,1,0
2.0,1.0,0.5,2.0,5.8,0,0,0
10.0,1.0,0.15,6.75,10.42,0,0,0
4.0,1.0,0.0,0.0,0.0,0,0,0
2.0,1.0,0.0,0.0,0.0,0,0,0
4.0,1.0,1.0,1.0,4.75,0,0,0
4.0,1.0,1.0,1.0,4.75,0,0,0
2.0,1.0,1.0,1.0,4.75,0,0,0
1.0,1.0,0.0,0.0,0.0,0,0,0
4.0,1.0,0.67,1.5,6.67,0,0,0
3.0,1.0,0.67,1.5,6.67,0,0,0
2.0,1.0,1.0,1.0,20.68,0,0,0
1.0,1.0,0.0,0.0,0.0,0,0,0
1.0,1.0,0.0,0.0,0.0,0,0,0
4.0,1.0,0.0,0.0,0.0,1,0,0
3.0,1.0,0.0,0.0,0.0,0,0,0
2.0,1.0,1.0,1.0,4.75,0,0,0
4.0,1.0,1.0,1.0,4.75,0,0,0
1.0,1.0,0.0,0.0,0.0,0,0,0
2.0,1.0,1.0,1.0,4.75,0,0,0
4.0,1.0,1.0,1.0,4.75,0,0,0
5.0,1.0,0.4,2.5,14.4,0,0,0
6.0,1.0,0.4,2.5,14.4,0,0,0
6.0,1.0,0.67,1.5,7.74,0,1,0
3.0,1.0,1.0,1.0,8.0,0,0,0
4.0,1.0,1.0,1.0,8.0,0,0,0
4.0,1.0,1.0,1.0,4.75,0,0,0
11.0,1.0,0.34,2.92,15.42,0,0,0
2.0,1.0,1.0,1.0,4.75,0,0,0
4.0,1.0,1.0,1.0,4.75,0,0,0
48.0,6.0,0.07,14.91,41.57,1,3,0
3.0,1.0,1.0,1.0,8.0,0,0,0
11.0,1.0,0.25,3.94,24.81,0,0,0
4.0,1.0,1.0,1.0,4.75,0,0,0
5.0,1.0,0.5,2.0,9.83,0,0,0
1.0,1.0,0.67,1.5,7.74,0,0,0
4.0,1.0,1.0,1.0,4.75,0,0,0
4.0,1.0,1.0,1.0,8.0,0,0,0
14.0,1.0,1.0,1.0,91.38,0,0,0
10.0,1.0,0.14,7.2,35.66,0,0,0
15.0,1.0,0.11,8.8,20.46,0,0,0
12.0,1.0,0.11,9.5,19.25,0,0,0
5.0,1.0,0.4,2.5,9.6,0,0,0
7.0,1.0,0.17,6.0,4.21,0,0,0
7.0,1.0,0.24,4.2,12.8,0,0,0
6.0,1.0,0.4,2.5,12.68,0,0,0
6.0,1.0,0.4,2.5,12.68,0,0,0
9.0,1.0,0.16,6.19,19.16,0,1,0
2.0,1.0,0.5,2.0,5.8,0,0,0
2.0,1.0,0.67,1.5,5.33,0,0,0
2.0,1.0,0.67,1.5,5.33,0,0,0
2.0,1.0,0.67,1.5,5.33,0,0,0
2.0,1.0,0.67,1.5,5.33,0,0,0
2.0,1.0,0.67,1.5,5.33,0,0,0
2.0,1.0,0.67,1.5,5.33,0,0,0
1.0,1.0,0.67,1.5,5.33,0,0,0
1.0,1.0,0.67,1.5,16.84,0,0,0
2.0,1.0,0.67,1.5,7.74,0,0,0
2.0,1.0,0.67,1.5,7.74,0,0,0
2.0,1.0,0.67,1.5,7.74,0,0,0
2.0,1.0,0.67,1.5,5.33,0,0,0
2.0,1.0,0.67,1.5,5.33,0,0,0
2.0,1.0,0.67,1.5,5.33,0,0,0
2.0,1.0,0.67,1.5,5.33,0,0,0
2.0,1.0,0.67,1.5,5.33,0,0,0
2.0,1.0,0.67,1.5,5.33,0,0,0
2.0,1.0,0.67,1.5,5.33,0,0,0
2.0,1.0,0.67,1.5,5.33,0,0,0
2.0,1.0,0.67,1.5,5.33,0,0,0
1.0,1.0,0.67,1.5,5.33,0,0,0
2.0,1.0,0.67,1.5,5.33,0,0,0
2.0,1.0,0.67,1.5,5.33,0,0,0
1.0,1.0,0.67,1.5,5.33,0,0,0
2.0,1.0,0.67,1.5,5.33,0,0,0
2.0,1.0,0.67,1.5,5.33,0,0,0
2.0,1.0,0.67,1.5,5.33,0,0,0
2.0,1.0,0.67,1.5,5.33,0,0,0
2.0,1.0,0.67,1.5,5.33,0,0,0
8.0,1.0,0.19,5.33,8.43,0,0,0
2.0,1.0,0.67,1.5,5.33,0,0,0
1.0,1.0,0.67,1.5,5.33,0,0,0
2.0,1.0,0.67,1.5,5.33,0,0,0
2.0,1.0,0.67,1.5,5.33,0,0,0
2.0,1.0,0.67,1.5,5.33,0,0,0
2.0,1.0,0.67,1.5,5.33,0,0,0
2.0,1.0,0.67,1.5,5.33,0,0,0
2.0,1.0,0.67,1.5,5.33,0,0,0
2.0,1.0,0.67,1.5,5.33,0,0,0
2.0,1.0,0.67,1.5,5.33,0,0,0
2.0,1.0,0.67,1.5,5.33,0,0,0
2.0,1.0,0.67,1.5,5.33,0,0,0
2.0,1.0,0.67,1.5,5.33,0,0,0
2.0,1.0,0.67,1.5,5.33,0,0,0
2.0,1.0,0.67,1.5,5.33,0,0,0
2.0,1.0,0.67,1.5,5.33,0,0,0
2.0,1.0,0.67,1.5,5.33,0,0,0
23.0,1.0,0.08,12.18,24.79,0,5,0
2.0,1.0,0.67,1.5,5.33,0,0,0
6.0,1.0,0.33,3.0,9.51,0,0,0
2.0,1.0,0.4,2.5,6.2,0,0,0
2.0,1.0,0.4,2.5,6.2,0,0,0
2.0,1.0,0.5,2.0,5.8,0,0,0
2.0,1.0,0.5,2.0,5.8,0,0,0
5.0,1.0,0.25,4.0,7.11,0,0,0
6.0,1.0,0.33,3.0,9.51,0,2,0
1.0,1.0,0.67,1.5,5.33,0,0,0
2.0,1.0,0.4,2.5,9.6,0,0,0
1.0,1.0,0.67,1.5,5.33,0,0,0
3.0,1.0,0.17,6.0,8.96,0,0,0
3.0,1.0,0.17,6.0,9.56,0,0,0
2.0,1.0,0.67,1.5,5.33,0,0,0
2.0,1.0,0.14,7.0,3.86,0,0,0
2.0,1.0,0.67,1.5,5.33,0,0,0
13.0,3.0,0.21,4.8,16.19,0,1,0
1.0,1.0,0.67,1.5,5.33,0,0,0
2.0,1.0,0.14,7.0,3.86,0,0,0
3.0,3.0,0.22,4.5,11.85,0,0,0
2.0,1.0,0.67,1.5,7.74,0,0,0
2.0,1.0,0.67,1.5,5.33,0,0,0
13.0,1.0,0.14,7.0,11.72,0,4,0
2.0,1.0,0.67,1.5,7.74,0,0,0
3.0,1.0,0.5,2.0,11.63,0,0,0
2.0,1.0,0.67,1.5,7.74,0,0,0
4.0,1.0,0.67,1.5,5.33,0,0,0
4.0,1.0,0.67,1.5,5.33,0,0,0
4.0,1.0,0.67,1.5,5.33,0,0,0
4.0,1.0,0.67,1.5,5.33,0,0,0
4.0,1.0,0.67,1.5,5.33,0,0,0
4.0,1.0,0.67,1.5,5.33,0,0,0
2.0,1.0,0.67,1.5,5.33,0,0,0
1.0,1.0,0.0,0.0,0.0,0,0,0
4.0,1.0,0.67,1.5,5.33,0,0,0
1.0,1.0,0.0,0.0,0.0,0,0,0
4.0,1.0,0.67,1.5,5.33,0,0,0
4.0,1.0,0.67,1.5,5.33,0,0,0
4.0,1.0,0.67,1.5,5.33,0,0,0
4.0,1.0,0.67,1.5,5.33,0,0,0
4.0,1.0,0.67,1.5,5.33,0,0,0
2.0,1.0,0.33,3.0,8.0,0,0,0
3.0,1.0,0.25,4.0,11.09,0,0,0
28.0,3.0,0.07,13.75,45.74,0,4,0
4.0,1.0,0.67,1.5,5.33,0,0,0
2.0,1.0,0.5,2.0,9.05,0,0,0
7.0,1.0,0.27,3.75,14.17,1,0,0
9.0,1.0,0.15,6.67,8.82,0,0,0
4.0,1.0,0.5,2.0,7.75,0,0,0
2.0,1.0,0.5,2.0,5.8,0,0,0
2.0,1.0,0.67,1.5,7.74,0,0,0
2.0,1.0,0.67,1.5,7.74,0,0,0
2.0,1.0,0.67,1.5,7.74,0,0,0
27.0,4.0,0.07,14.7,19.65,3,3,0
2.0,1.0,0.67,1.5,7.74,0,0,0
1.0,1.0,0.67,1.5,7.74,0,0,0
5.0,1.0,0.22,4.5,15.11,0,0,0
5.0,1.0,0.22,4.5,15.11,0,0,0
5.0,1.0,0.22,4.5,15.11,0,0,0
5.0,1.0,0.22,4.5,15.11,0,0,0
5.0,1.0,0.22,4.5,15.11,0,0,0
5.0,1.0,0.22,4.5,15.11,0,0,0
4.0,1.0,0.67,1.5,7.74,0,0,0
4.0,1.0,0.67,1.5,7.74,0,0,0
1.0,1.0,0.67,1.5,7.74,0,0,0
35.0,3.0,0.05,21.37,29.51,0,1,0
8.0,1.0,0.67,1.5,16.84,0,0,0
10.0,1.0,0.25,4.0,8.72,0,0,0
2.0,1.0,0.67,1.5,7.74,0,0,0
5.0,1.0,0.22,4.5,15.11,0,0,0
5.0,1.0,0.22,4.5,15.11,0,0,0
5.0,1.0,0.22,4.5,15.11,0,0,0
5.0,1.0,0.22,4.5,15.11,0,0,0
2.0,1.0,0.67,1.5,7.74,0,0,0
2.0,1.0,0.67,1.5,7.74,0,0,0
2.0,1.0,0.67,1.5,7.74,0,0,0
2.0,1.0,0.5,2.0,11.23,0,0,0
4.0,1.0,0.67,1.5,7.74,0,0,0
4.0,1.0,0.67,1.5,7.74,0,0,0
16.0,1.0,0.19,5.33,14.28,0,1,0
18.0,1.0,0.12,8.25,24.67,0,1,0
7.0,1.0,0.44,2.29,25.73,0,0,0
2.0,1.0,0.67,1.5,7.74,0,0,0
2.0,1.0,0.67,1.5,5.33,0,0,0
2.0,1.0,0.67,1.5,7.74,0,0,0
2.0,1.0,0.67,1.5,7.74,0,0,0
10.0,1.0,0.24,4.2,18.78,0,0,0
5.0,1.0,0.5,2.0,7.75,0,1,0
3.0,1.0,0.0,0.0,0.0,0,0,0
3.0,1.0,0.0,0.0,0.0,0,0,0
3.0,1.0,0.0,0.0,0.0,0,0,0
3.0,1.0,0.0,0.0,0.0,0,0,0
3.0,1.0,0.0,0.0,0.0,0,0,0
3.0,1.0,0.0,0.0,0.0,0,0,0
3.0,1.0,0.0,0.0,0.0,0,0,0
3.0,1.0,0.0,0.0,0.0,0,0,0
3.0,1.0,0.0,0.0,0.0,0,0,0
13.0,1.0,0.16,6.4,13.3,1,0,0
27.0,1.0,0.04,22.4,13.43,5,0,0
43.0,1.0,0.1,9.63,61.35,2,3,0
9.0,1.0,0.21,4.67,16.32,0,0,0
23.0,1.0,0.18,5.6,59.23,0,0,0
25.0,1.0,0.11,8.93,32.87,1,1,0
4.0,1.0,0.5,2.0,5.8,0,0,0
4.0,1.0,0.5,2.0,5.8,0,0,0
4.0,1.0,0.33,3.0,7.49,0,0,0
11.0,1.0,0.2,5.0,20.0,0,0,0
4.0,1.0,0.67,1.5,7.74,0,0,0
74.0,5.0,0.05,18.79,41.61,7,7,4
44.0,1.0,0.08,12.63,38.83,0,3,0
20.0,1.0,0.18,5.56,52.46,0,0,0
13.0,1.0,0.33,3.0,26.05,0,0,0
5.0,1.0,0.5,2.0,9.83,0,0,0
19.0,1.0,0.11,9.0,9.55,5,3,0
9.0,1.0,0.32,3.12,11.16,2,0,0
19.0,1.0,0.1,9.9,9.29,5,3,0
46.0,1.0,0.09,11.4,42.54,0,3,0
68.0,8.0,0.04,24.14,42.66,7,10,0
20.0,1.0,0.18,5.56,52.46,0,0,0
14.0,1.0,0.33,3.0,26.05,0,0,0
5.0,1.0,0.5,2.0,9.83,0,0,0
22.0,1.0,0.18,5.6,59.23,0,0,0
16.0,1.0,0.33,3.0,29.33,0,0,0
5.0,1.0,0.5,2.0,9.83,0,0,0
41.0,1.0,0.09,11.61,38.49,0,4,0
14.0,1.0,0.2,4.89,21.74,0,0,0
10.0,1.0,0.33,3.0,21.58,0,0,0
44.0,1.0,0.08,12.0,42.08,0,3,0
34.0,1.0,0.09,11.0,22.36,6,9,0
7.0,1.0,0.23,4.38,11.86,0,1,0
5.0,1.0,0.33,3.0,14.99,0,0,0
7.0,1.0,0.23,4.38,11.86,0,1,0
20.0,1.0,0.18,5.56,52.46,0,0,0
9.0,1.0,0.33,3.0,26.05,0,1,0
5.0,1.0,0.5,2.0,9.83,0,0,0
74.0,7.0,0.05,18.76,55.28,5,6,0
25.0,1.0,0.1,10.08,22.43,1,2,0
82.0,1.0,0.05,21.63,60.25,10,8,0
12.0,1.0,0.2,5.0,20.0,0,0,0
13.0,1.0,0.19,5.2,27.26,0,0,0
15.0,1.0,0.16,6.29,17.4,1,2,0
22.0,1.0,0.5,2.0,7.75,17,1,0
27.0,1.0,0.07,15.0,10.25,12,0,0
34.0,1.0,0.09,11.54,26.97,6,1,1
44.0,1.0,0.1,9.84,54.53,0,1,0
7.0,1.0,0.33,3.0,14.99,0,0,0
8.0,1.0,0.19,5.25,9.88,0,0,0
102.0,10.0,0.03,28.86,65.81,3,6,5
9.0,1.0,0.21,4.67,14.69,0,0,0
13.0,1.0,0.14,7.0,10.75,0,2,0
40.0,1.0,0.1,9.55,43.17,0,1,0
5.0,1.0,0.5,2.0,17.43,0,0,0
5.0,1.0,2.0,0.5,9.51,0,0,0
6.0,1.0,2.0,0.5,9.51,0,0,0
39.0,5.0,0.09,11.22,60.36,3,1,0
3.0,1.0,0.0,0.0,0.0,0,0,0
3.0,1.0,0.0,0.0,0.0,0,0,0
3.0,1.0,0.0,0.0,0.0,0,0,0
1.0,1.0,0.0,0.0,0.0,0,0,0
34.0,1.0,0.23,4.34,107.09,2,1,0
3.0,1.0,0.0,0.0,0.0,0,0,0
8.0,1.0,0.4,2.5,26.63,0,0,0
8.0,1.0,0.35,2.86,26.64,0,0,0
39.0,1.0,0.07,13.43,25.41,4,5,0
34.0,1.0,0.07,15.23,22.26,5,1,1
4.0,1.0,0.5,2.0,5.8,0,0,0
6.0,1.0,0.33,3.0,12.18,0,0,0
24.0,3.0,0.13,8.0,23.97,0,2,0
6.0,1.0,0.33,3.0,9.51,0,0,0
8.0,1.0,0.21,4.67,17.44,0,0,0
6.0,1.0,0.4,2.5,14.62,0,0,0
12.0,1.0,0.2,5.0,20.0,0,0,0
4.0,1.0,0.5,2.0,5.8,0,0,0
7.0,1.0,0.33,3.0,8.0,1,1,0
4.0,1.0,0.5,2.0,7.75,0,0,0
4.0,1.0,0.5,2.0,5.8,0,0,0
4.0,1.0,0.5,2.0,7.75,0,0,0
4.0,1.0,0.5,2.0,5.8,0,0,0
4.0,1.0,0.5,2.0,5.8,0,0,0
7.0,1.0,0.29,3.5,14.34,0,0,0
6.0,1.0,0.33,3.0,10.57,0,0,0
6.0,1.0,0.29,3.5,14.34,0,0,0
6.0,1.0,0.33,3.0,10.57,0,0,0
1.0,1.0,0.67,1.5,5.33,0,0,0
2.0,1.0,0.67,1.5,5.33,0,0,0
4.0,1.0,0.33,3.0,7.49,0,0,0
1.0,1.0,0.67,1.5,5.33,0,0,0
9.0,1.0,0.21,4.67,14.69,0,0,0
26.0,4.0,0.06,17.45,19.07,0,2,0
17.0,1.0,0.17,6.0,26.65,0,0,0
1.0,1.0,0.67,1.5,5.33,0,0,0
31.0,3.0,0.08,13.0,28.31,0,1,0
4.0,1.0,0.67,1.5,5.33,0,0,0
4.0,1.0,0.67,1.5,5.33,0,0,0
1.0,1.0,0.5,2.0,5.8,0,0,0
1.0,1.0,0.67,1.5,5.33,0,0,0
6.0,1.0,0.22,4.5,11.95,0,0,0
6.0,1.0,0.29,3.5,14.34,0,0,0
7.0,1.0,0.29,3.5,14.34,0,0,0
1.0,1.0,0.67,1.5,5.33,0,0,0
40.0,1.0,0.07,15.17,32.97,0,2,0
6.0,1.0,0.29,3.5,11.86,0,0,0
21.0,1.0,0.07,14.3,19.61,0,2,0
1.0,1.0,0.67,1.5,5.33,0,0,0
1.0,1.0,0.67,1.5,5.33,0,0,0
1.0,1.0,0.67,1.5,5.33,0,0,0
1.0,1.0,0.67,1.5,5.33,0,0,0
10.0,1.0,0.21,4.67,14.69,0,0,0
17.0,1.0,0.17,6.0,26.65,0,0,0
26.0,4.0,0.06,16.36,20.39,0,2,0
1.0,1.0,0.67,1.5,5.33,0,0,0
1.0,1.0,0.67,1.5,5.33,0,0,0
1.0,1.0,0.67,1.5,5.33,0,0,0
1.0,1.0,0.67,1.5,5.33,0,0,0
4.0,1.0,0.67,1.5,5.33,0,0,0
4.0,1.0,0.67,1.5,5.33,0,0,0
4.0,1.0,0.67,1.5,5.33,0,0,0
4.0,1.0,0.67,1.5,5.33,0,0,0
19.0,1.0,0.15,6.68,32.68,0,0,0
11.0,1.0,0.21,4.67,14.69,0,0,0
39.0,1.0,0.07,14.91,32.91,0,2,0
1.0,1.0,0.67,1.5,5.33,0,0,0
9.0,1.0,0.25,4.0,10.3,0,0,0
1.0,1.0,0.67,1.5,5.33,0,0,0
1.0,1.0,0.67,1.5,5.33,0,0,0
4.0,1.0,0.5,2.0,5.8,0,0,0
6.0,1.0,0.29,3.5,11.86,0,0,0
2.0,1.0,0.5,2.0,5.8,0,0,0
4.0,1.0,0.5,2.0,7.75,0,0,0
49.0,1.0,0.09,11.74,47.63,0,3,0
24.0,1.0,0.18,5.64,66.16,0,0,0
46.0,1.0,0.09,11.0,25.84,11,9,0
18.0,1.0,0.33,3.0,32.7,0,0,0
5.0,1.0,0.5,2.0,9.83,0,0,0
43.0,1.0,0.08,12.9,40.7,0,3,0
20.0,1.0,0.18,5.56,52.46,0,0,0
9.0,1.0,0.33,3.0,26.05,0,1,0
5.0,1.0,0.5,2.0,9.83,0,0,0
4.0,1.0,0.33,3.0,7.49,0,0,0
162.0,16.0,0.02,51.24,56.22,5,4,5
4.0,1.0,0.5,2.0,5.8,0,0,0
20.0,1.0,0.11,8.75,16.82,1,2,2
20.0,1.0,0.11,8.75,16.82,1,2,2
20.0,1.0,0.11,8.75,16.82,1,2,2
20.0,1.0,0.11,8.75,16.82,1,2,2
20.0,1.0,0.11,8.75,16.82,1,2,2
19.0,1.0,0.12,8.13,17.3,1,1,2
19.0,1.0,0.11,8.75,16.82,1,1,2
20.0,1.0,0.11,8.75,16.82,1,2,2
20.0,1.0,0.11,8.75,16.82,1,2,2
20.0,1.0,0.11,8.75,16.82,1,2,2
20.0,1.0,0.11,8.75,16.82,1,2,2
20.0,1.0,0.11,8.75,16.82,1,2,2
20.0,1.0,0.12,8.67,18.01,1,2,2
19.0,1.0,0.12,8.13,17.3,1,1,2
4.0,1.0,0.29,3.5,8.15,0,0,0
64.0,1.0,0.04,27.0,28.18,5,3,7
4.0,1.0,0.5,2.0,5.8,0,0,0
4.0,1.0,0.5,2.0,5.8,0,0,0
4.0,1.0,0.5,2.0,7.75,0,0,0
19.0,1.0,0.12,8.13,17.3,1,1,2
19.0,1.0,0.12,8.13,17.3,1,1,2
6.0,1.0,0.33,3.0,10.57,0,0,0
4.0,1.0,0.5,2.0,7.75,0,0,0
4.0,1.0,0.5,2.0,5.8,0,0,0
6.0,1.0,0.29,3.5,11.86,0,0,0
6.0,1.0,0.29,3.5,11.86,0,0,0
9.0,1.0,0.21,4.67,17.44,0,1,0
54.0,1.0,0.09,11.52,53.36,0,2,0
112.0,1.0,0.06,16.5,79.12,18,15,0
11.0,1.0,0.21,4.81,23.54,0,1,0
22.0,1.0,0.18,5.6,59.23,0,0,0
17.0,1.0,0.33,3.0,29.33,0,1,0
5.0,1.0,0.5,2.0,9.83,0,0,0
14.0,1.0,0.19,5.2,27.26,0,0,0
10.0,1.0,0.21,4.67,16.32,0,0,0
8.0,1.0,0.23,4.38,11.86,1,1,0
11.0,1.0,0.2,5.0,20.0,0,0,0
6.0,1.0,0.29,3.5,12.85,0,0,0
7.0,1.0,0.29,3.5,11.86,0,0,0
6.0,1.0,0.33,3.0,10.57,0,0,0
5.0,1.0,0.29,3.5,10.44,0,0,0
12.0,3.0,0.11,9.17,14.71,0,1,0
16.0,1.0,0.67,1.5,5.33,11,0,0
25.0,1.0,0.09,10.82,21.46,2,1,0
4.0,1.0,0.5,2.0,7.75,0,0,0
4.0,1.0,0.4,2.5,9.6,0,0,0
11.0,1.0,0.11,8.8,11.35,0,0,0
10.0,1.0,0.22,4.5,14.38,1,1,1
40.0,3.0,0.07,13.42,21.02,13,3,2
24.0,1.0,0.14,6.9,46.64,0,1,0
9.0,1.0,0.21,4.67,16.32,0,0,0
6.0,1.0,0.67,1.5,5.33,0,0,0
16.0,1.0,0.18,5.43,39.43,0,0,0
27.0,1.0,0.67,1.5,5.33,21,0,0
15.0,1.0,0.19,5.2,27.26,0,0,0
15.0,1.0,0.15,6.67,15.99,0,2,0
4.0,1.0,0.33,3.0,7.49,0,0,0
63.0,1.0,0.04,23.33,45.09,2,2,0
4.0,1.0,0.5,2.0,5.8,0,0,0
4.0,1.0,0.4,2.5,7.24,0,0,0
4.0,1.0,0.5,2.0,7.75,0,0,0
4.0,1.0,0.5,2.0,5.8,0,0,0
4.0,1.0,0.5,2.0,7.75,0,0,0
29.0,1.0,0.11,9.33,23.17,8,1,2
27.0,1.0,0.11,9.33,23.17,6,1,2
4.0,1.0,0.5,2.0,5.8,0,0,0
3.0,1.0,0.0,0.0,0.0,0,0,0
5.0,1.0,0.22,4.5,6.0,0,0,0
15.0,1.0,0.18,5.63,17.05,0,1,0
3.0,1.0,0.0,0.0,0.0,0,0,0
4.0,1.0,0.67,1.5,5.33,0,0,0
3.0,1.0,0.0,0.0,0.0,0,0,0
3.0,1.0,0.0,0.0,0.0,0,0,0
8.0,1.0,0.4,2.5,14.62,0,0,0
5.0,1.0,0.67,1.5,5.33,0,0,0
22.0,1.0,0.11,9.35,23.49,0,1,1
30.0,1.0,0.09,11.67,30.96,1,1,0
5.0,1.0,0.67,1.5,5.33,0,0,0
18.0,1.0,0.09,11.33,14.73,0,2,0
7.0,1.0,0.33,3.0,23.25,0,0,0
26.0,1.0,0.11,9.2,27.39,0,3,0
13.0,1.0,0.2,5.0,21.6,0,1,0
2.0,1.0,0.67,1.5,7.74,0,0,0
2.0,1.0,0.2,5.0,3.62,0,0,0
2.0,1.0,0.67,1.5,7.74,0,0,0
5.0,1.0,0.33,3.0,14.4,0,0,0
1.0,1.0,0.67,1.5,5.33,0,0,0
1.0,1.0,0.67,1.5,5.33,0,0,0
2.0,1.0,0.67,1.5,7.74,0,0,0
18.0,1.0,0.11,8.86,20.17,1,0,0
1.0,1.0,0.0,0.0,0.0,0,0,0
1.0,1.0,0.0,0.0,0.0,0,0,0
19.0,1.0,0.17,5.79,30.49,0,4,0
4.0,1.0,1.0,1.0,4.75,0,0,0
3.0,1.0,0.0,0.0,0.0,0,0,0
2.0,1.0,1.0,1.0,4.75,0,0,0
4.0,1.0,1.0,1.0,4.75,0,0,0
26.0,1.0,0.06,17.5,24.17,0,1,0
1.0,1.0,0.0,0.0,0.0,0,0,0
2.0,1.0,1.0,1.0,4.75,0,0,0
4.0,1.0,1.0,1.0,4.75,0,0,0
5.0,1.0,0.67,1.5,10.34,0,0,0
1.0,1.0,0.0,0.0,0.0,0,0,0
3.0,1.0,1.0,1.0,8.0,0,0,0
4.0,1.0,1.0,1.0,8.0,0,0,0
4.0,1.0,1.0,1.0,4.75,0,0,0
23.0,1.0,0.12,8.53,29.61,0,0,0
2.0,1.0,1.0,1.0,4.75,0,0,0
5.0,1.0,2.0,0.5,4.0,0,0,0
3.0,1.0,0.0,0.0,0.0,0,0,0
3.0,1.0,0.0,0.0,0.0,0,0,0
4.0,1.0,2.0,0.5,4.0,0,0,0
4.0,1.0,2.0,0.5,4.0,0,0,0
3.0,1.0,0.0,0.0,0.0,0,0,0
6.0,1.0,0.0,0.0,0.0,0,0,0
4.0,1.0,0.67,1.5,5.33,0,0,0
1.0,1.0,0.67,1.5,7.74,0,0,0
4.0,1.0,1.0,1.0,4.75,0,0,0
16.0,1.0,0.21,4.67,29.64,0,0,0
11.0,1.0,0.22,4.5,16.89,0,1,0
6.0,1.0,0.4,2.5,12.68,0,0,0
8.0,1.0,0.4,2.5,9.6,0,1,0
19.0,4.0,0.07,15.0,15.08,0,0,0
6.0,1.0,0.4,2.5,12.68,0,0,0
9.0,1.0,0.4,2.5,9.6,0,1,0
48.0,7.0,0.04,23.4,15.2,4,3,0
4.0,1.0,0.33,3.0,9.51,0,0,0
2.0,1.0,0.67,1.5,5.33,0,0,0
2.0,1.0,0.67,1.5,5.33,0,0,0
52.0,5.0,0.06,15.65,46.6,3,1,1
2.0,1.0,0.67,1.5,5.33,0,0,0
2.0,1.0,0.67,1.5,5.33,0,0,0
2.0,1.0,0.67,1.5,5.33,0,0,0
2.0,1.0,0.67,1.5,5.33,0,0,0
2.0,1.0,0.67,1.5,5.33,0,0,0
11.0,1.0,0.13,7.88,9.87,0,1,0
2.0,1.0,0.67,1.5,5.33,0,0,0
1.0,1.0,0.67,1.5,5.33,0,0,0
2.0,1.0,0.67,1.5,5.33,0,0,0
2.0,1.0,0.67,1.5,5.33,0,0,0
2.0,1.0,0.67,1.5,5.33,0,0,0
2.0,1.0,0.67,1.5,5.33,0,0,0
2.0,1.0,0.67,1.5,5.33,0,0,0
15.0,1.0,0.13,7.78,22.94,0,2,0
13.0,1.0,0.16,6.4,14.45,0,1,0
2.0,1.0,0.67,1.5,5.33,0,0,0
2.0,1.0,0.67,1.5,5.33,0,0,0
2.0,1.0,0.67,1.5,5.33,0,0,0
2.0,1.0,0.67,1.5,5.33,0,0,0
2.0,1.0,0.67,1.5,5.33,0,0,0
2.0,1.0,0.67,1.5,5.33,0,0,0
2.0,1.0,0.67,1.5,5.33,0,0,0
2.0,1.0,0.4,2.5,6.2,0,0,0
6.0,1.0,0.67,1.5,7.74,0,0,0
8.0,1.0,0.28,3.6,14.41,0,0,0
1.0,1.0,0.67,1.5,5.33,0,0,0
1.0,1.0,0.67,1.5,5.33,0,0,0
2.0,1.0,0.4,2.5,9.6,0,0,0
3.0,1.0,0.17,6.0,8.96,0,0,0
2.0,1.0,0.67,1.5,5.33,0,0,0
2.0,1.0,0.14,7.0,3.86,0,0,0
2.0,1.0,0.67,1.5,5.33,0,0,0
2.0,1.0,0.14,7.0,3.86,0,0,0
3.0,3.0,0.22,4.5,11.85,0,0,0
2.0,1.0,0.67,1.5,5.33,0,0,0
2.0,1.0,0.67,1.5,7.74,0,0,0
9.0,1.0,0.15,6.75,9.87,0,0,0
54.0,1.0,0.06,15.83,46.32,0,7,0
24.0,1.0,0.14,7.07,37.1,1,1,0
15.0,1.0,0.2,5.0,23.2,1,2,0
2.0,1.0,0.67,1.5,7.74,0,0,0
3.0,1.0,0.5,2.0,11.63,0,0,0
1.0,1.0,0.0,0.0,0.0,0,0,0
1.0,1.0,0.0,0.0,0.0,0,0,0
9.0,1.0,0.15,6.67,8.3,0,0,0
4.0,1.0,0.67,1.5,5.33,0,0,0
4.0,1.0,0.67,1.5,5.33,0,0,0
4.0,1.0,0.67,1.5,5.33,0,0,0
4.0,1.0,0.67,1.5,5.33,0,0,0
4.0,1.0,0.67,1.5,5.33,0,0,0
4.0,1.0,0.67,1.5,5.33,0,0,0
15.0,1.0,0.08,13.0,14.3,0,0,0
15.0,1.0,0.09,10.89,16.2,0,2,0
4.0,1.0,0.67,1.5,5.33,0,0,0
4.0,1.0,0.29,3.5,6.86,0,0,0
4.0,1.0,0.29,3.5,6.86,0,0,0
2.0,1.0,0.5,2.0,9.05,0,0,0
26.0,1.0,0.12,8.65,34.53,0,3,0
19.0,1.0,0.08,13.33,11.7,0,1,0
19.0,1.0,0.08,13.33,11.7,0,1,0
20.0,1.0,0.13,7.56,20.02,0,1,0
20.0,1.0,0.13,7.56,20.02,0,1,0
4.0,1.0,0.5,2.0,7.75,0,0,0
2.0,1.0,0.5,2.0,5.8,0,0,0
2.0,1.0,0.67,1.5,7.74,0,0,0
2.0,1.0,0.67,1.5,7.74,0,0,0
2.0,1.0,0.67,1.5,7.74,0,0,0
11.0,1.0,0.16,6.42,13.26,0,1,0
10.0,1.0,0.18,5.5,15.23,0,0,0
11.0,1.0,0.16,6.42,13.26,0,1,0
10.0,1.0,0.18,5.5,15.23,0,0,0
18.0,1.0,0.11,9.0,18.22,0,2,0
17.0,1.0,0.16,6.3,23.6,1,2,0
15.0,1.0,0.18,5.5,19.71,0,1,0
2.0,1.0,0.67,1.5,7.74,0,0,0
1.0,1.0,0.67,1.5,7.74,0,0,0
2.0,1.0,0.67,1.5,7.74,0,0,0
19.0,1.0,0.16,6.22,25.62,1,3,0
15.0,1.0,0.21,4.81,49.82,0,1,0
14.0,1.0,0.21,4.8,29.54,0,0,0
14.0,1.0,0.15,6.86,17.66,0,1,0
2.0,1.0,0.5,2.0,11.23,0,0,0
14.0,1.0,0.19,5.14,21.27,0,1,0
4.0,1.0,0.67,1.5,7.74,0,0,0
19.0,1.0,0.15,6.82,25.77,1,2,0
23.0,3.0,0.1,9.69,28.75,1,2,0
2.0,1.0,0.67,1.5,5.33,0,0,0
13.0,1.0,0.25,4.0,15.24,0,5,0
11.0,1.0,0.17,6.0,17.13,0,0,0
